date,北海道,青森,岩手,宮城,秋田,山形,福島,茨城,栃木,群馬,埼玉,千葉,東京,神奈川,新潟,富山,石川,福井,山梨,長野,岐阜,静岡,愛知,三重,滋賀,京都,大阪,兵庫,奈良,和歌山,鳥取,島根,岡山,広島,山口,徳島,香川,愛媛,高知,福岡,佐賀,長崎,熊本,大分,宮崎,鹿児島,沖縄,チャーター便,検疫職員,クルーズ船,伊客船
20200115,,,,,,,,,,,,,,,,,,,,,,,,,,,,,,,,,,,,,,,,,,,,,,,,,,,
20200116,,,,,,,,,,,,,,,,,,,,,,,,,,,,,,,,,,,,,,,,,,,,,,,,,,,
20200117,,,,,,,,,,,,,,,,,,,,,,,,,,,,,,,,,,,,,,,,,,,,,,,,,,,
20200118,,,,,,,,,,,,,,,,,,,,,,,,,,,,,,,,,,,,,,,,,,,,,,,,,,,
20200119,,,,,,,,,,,,,,,,,,,,,,,,,,,,,,,,,,,,,,,,,,,,,,,,,,,
20200120,,,,,,,,,,,,,,,,,,,,,,,,,,,,,,,,,,,,,,,,,,,,,,,,,,,
20200121,,,,,,,,,,,,,,,,,,,,,,,,,,,,,,,,,,,,,,,,,,,,,,,,,,,
20200122,,,,,,,,,,,,,,,,,,,,,,,,,,,,,,,,,,,,,,,,,,,,,,,,,,,
20200123,,,,,,,,,,,,,,,,,,,,,,,,,,,,,,,,,,,,,,,,,,,,,,,,,,,
20200124,,,,,,,,,,,,,,,,,,,,,,,,,,,,,,,,,,,,,,,,,,,,,,,,,,,
20200125,,,,,,,,,,,,,,,,,,,,,,,,,,,,,,,,,,,,,,,,,,,,,,,,,,,
20200126,,,,,,,,,,,,,,,,,,,,,,,,,,,,,,,,,,,,,,,,,,,,,,,,,,,
20200127,,,,,,,,,,,,,,,,,,,,,,,,,,,,,,,,,,,,,,,,,,,,,,,,,,,
20200128,,,,,,,,,,,,,,,,,,,,,,,,,,,,,,,,,,,,,,,,,,,,,,,,,,,
20200129,,,,,,,,,,,,,,,,,,,,,,,,,,,,,,,,,,,,,,,,,,,,,,,,,,,
20200130,,,,,,,,,,,,,,,,,,,,,,,,,,,,,,,,,,,,,,,,,,,,,,,,,,,
20200131,,,,,,,,,,,,,,,,,,,,,,,,,,,,,,,,,,,,,,,,,,,,,,,,,,,
20200201,,,,,,,,,,,,,,,,,,,,,,,,,,,,,,,,,,,,,,,,,,,,,,,,,,,
20200202,,,,,,,,,,,,,,,,,,,,,,,,,,,,,,,,,,,,,,,,,,,,,,,,,,,
20200203,,,,,,,,,,,,,,,,,,,,,,,,,,,,,,,,,,,,,,,,,,,,,,,,,,,
20200204,,,,,,,,,,,,,,,,,,,,,,,,,,,,,,,,,,,,,,,,,,,,,,,,,,,
20200205,,,,,,,,,,,,,,,,,,,,,,,,,,,,,,,,,,,,,,,,,,,,,,,,,,,
20200206,,,,,,,,,,,,,,,,,,,,,,,,,,,,,,,,,,,,,,,,,,,,,,,,,,,
20200207,,,,,,,,,,,,,,,,,,,,,,,,,,,,,,,,,,,,,,,,,,,,,,,,,,,
20200208,,,,,,,,,,,,,,,,,,,,,,,,,,,,,,,,,,,,,,,,,,,,,,,,,,,
20200209,,,,,,,,,,,,,,,,,,,,,,,,,,,,,,,,,,,,,,,,,,,,,,,,,,,
20200210,,,,,,,,,,,,,,,,,,,,,,,,,,,,,,,,,,,,,,,,,,,,,,,,,,,
20200211,,,,,,,,,,,,,,,,,,,,,,,,,,,,,,,,,,,,,,,,,,,,,,,,,,,
20200212,,,,,,,,,,,,,,,,,,,,,,,,,,,,,,,,,,,,,,,,,,,,,,,,,,,
20200213,,,,,,,,,,,,,,1,,,,,,,,,,,,,,,,,,,,,,,,,,,,,,,,,,,,,
20200214,,,,,,,,,,,,,,,,,,,,,,,,,,,,,,,,,,,,,,,,,,,,,,,,,,,
20200215,,,,,,,,,,,,,,,,,,,,,,,,,,,,,,,,,,,,,,,,,,,,,,,,,,,
20200216,,,,,,,,,,,,,,,,,,,,,,,,,,,,,,,,,,,,,,,,,,,,,,,,,,,
20200217,,,,,,,,,,,,,,,,,,,,,,,,,,,,,,,,,,,,,,,,,,,,,,,,,,,
20200218,,,,,,,,,,,,,,,,,,,,,,,,,,,,,,,,,,,,,,,,,,,,,,,,,,,
20200219,,,,,,,,,,,,,,,,,,,,,,,,,,,,,,,,,,,,,,,,,,,,,,,,,,,
20200220,,,,,,,,,,,,,,,,,,,,,,,,,,,,,,,,,,,,,,,,,,,,,,,,,,2,
20200221,,,,,,,,,,,,,,,,,,,,,,,,,,,,,,,,,,,,,,,,,,,,,,,,,,,
20200222,,,,,,,,,,,,,,,,,,,,,,,,,,,,,,,,,,,,,,,,,,,,,,,,,,,
20200223,,,,,,,,,,,,,,,,,,,,,,,,,,,,,,,,,,,,,,,,,,,,,,,,,,1,
20200224,,,,,,,,,,,,,,,,,,,,,,,,,,,,,,,,,,,,,,,,,,,,,,,,,,,
20200225,,,,,,,,,,,,,,,,,,,,,,,,,,,,,,,,,,,,,,,,,,,,,,,,,,1,
20200226,1,,,,,,,,,,,,1,,,,,,,,,,,,,,,,,,,,,,,,,,,,,,,,,,,,,,
20200227,1,,,,,,,,,,,,,,,,,,,,,,,,,,,,,,,,,,,,,,,,,,,,,,,,,,
20200228,,,,,,,,,,,,,,,,,,,,,,,,,,,,,,1,,,,,,,,,,,,,,,,,,,,2,
20200229,,,,,,,,,,,,,,,,,,,,,,,,,,,,,,,,,,,,,,,,,,,,,,,,,,,
20200301,1,,,,,,,,,,,,,,,,,,,,,,,,,,,,,,,,,,,,,,,,,,,,,,,,,,
20200302,,,,,,,,,,,,,,,,,,,,,,,,,,,,,,,,,,,,,,,,,,,,,,,,,,,
20200303,,,,,,,,,,,,,,,,,,,,,,,,,,,,,,,,,,,,,,,,,,,,,,,,,,,
20200304,,,,,,,,,,,,,,,,,,,,,,,,,,,,,,,,,,,,,,,,,,,,,,,,,,,
20200305,,,,,,,,,,,,,,,,,,,,,,,,,,,,,,,,,,,,,,,,,,,,,,,,,,,
20200306,,,,,,,,,,,,,,,,,,,,,,,,,,,,,,,,,,,,,,,,,,,,,,,,,,,
20200307,,,,,,,,,,,,,,,,,,,,,,,,,,,,,,,,,,,,,,,,,,,,,,,,,,1,
20200308,,,,,,,,,,,,,,,,,,,,,,,1,,,,,,,,,,,,,,,,,,,,,,,,,,,,
20200309,,,,,,,,,,,,,1,1,,,,,,,,,,,,,,,,,,,,,,,,,,,,,,,,,,,,,
20200310,,,,,,,,,,,,,,1,,,,,,,,,2,,,,,,,,,,,,,,,,,,,,,,,,,,,,
20200311,,,,,,,,,,,,,,,,,,,,,,,2,,,,,1,,,,,,,,,,,,,,,,,,,,,,,
20200312,1,,,,,,,,,,,,,,,,,,,,,,3,,,,,,,,,,,,,,,,,,,,,,,,,,,,
20200313,,,,,,,,,,,,,,,,,,,,,,,2,,,,,,,,,,,,,,,,,,,,,,,,,,,,
20200314,,,,,,,,,,,,,,,,,,,,,,,1,,,,,,,,,,,,,,,,,,,,,,,,,,,,
20200315,1,,,,,,,,,,,,,,,,,,,,,,1,,,,,,,,,,,,,,,,,,,,,,,,,,,,
20200316,1,,,,,,,,,,,,,,,,,,,,,,2,,,,,1,,,,,,,,,,,,,,,,,,,,,,,
20200317,,,,,,,,,,,,,,1,,,,,,,,,,,,,,,,,,,,,,,,,,,,,,,,,,,,,
20200318,,,,,,,,,,,,,,,,,,,,,,,1,,,,,1,,,,,,,,,,,,,,,,,,,,,,,
20200319,,,,,,,,,,,,,,,,,,,,,,,,,,,1,1,,,,,,,,,,,,,,,,,,,,,,,
20200320,,,,,,,,,,,,,1,,,,,,,,,,1,,,,,,,,,,,,,,,,,,,,,,,,,,,1,
20200321,,,,,,,,,,,,,1,,,,,,,,,,,,,,,,,,,,,,,,,,,,,,,,,,,,,,
20200322,,,,,,,,,,1,1,,,,,,,,,,,,,,,,1,2,,,,,,,,,,,,,,,,,,,,,,,
20200323,,,,,,,,,,,,,,,,,,,,,,,1,,,,,,,,,,,,,,,,,,,,,,,,,,,2,
20200324,,,,,,,,,,,,,1,,,,,,,,,,,,,,,,,,,,,,,,,,,,,,,,,,,,,,
20200325,1,,,,,,,,,,,,,,,,,,,,,,1,,,,,,,,,,,,,,,,,,,,,,,,,,,,
20200326,,,,,,,,,,,,,,,,,,,,,,,1,,,,,1,,,,,,,,,,,,,,,,,,,,,,,
20200327,,,,,,,,,,,1,,1,1,,,,,,,,,,,,,,2,,,,,,,,,,,,,,,,,,,,,,,
20200328,,,,,,,,,,,,1,1,,,,,,,,,,,,,,,1,,,,,,,,,,,,,,,,,,,,,,,
20200329,,,,,,,,,,,,,1,,,,,,,,,,,,,,,,,,,,,,,,,,,,,,,,,,,,,,
20200330,,,,,,,,,,,,,1,1,,,,,,,,,,,,,,1,,,,,,,,,,,,,,,,,,,,,,1,
20200331,,,,,,,,,,,,,7,,,,,,,,,,,,,,,,,,,,,,,,,,,,,,,,,,,,,,
20200401,,,,,,,,2,,,1,,,,,,,,,,,,,,,,,,,,,,,,,,,,,,,,,,,,,,,,
20200402,1,,,,,,,,,,,,,1,,,,1,,,,,,,,,1,,,,,,,,,,,,,,,,,,,,,,,,
20200403,,,,,,,,,,,,,2,,,,,,,,,,,,,,,,,,,,,,,,,1,,1,,,,,,,,,,,
20200404,,,,,,,,,,,,,5,,,,,,,,1,,,,,,1,,,,,,,,,,,,,,,,,,,,,,,,
20200405,,,,,,,,,,,,,7,,,,,1,,,,,1,,,,,,,,,,,,,,,,,,,,,,,,,,,,
20200406,1,,,,,,,,,,1,,,,,,,,,,,,1,,,,,1,,,,,,,,,,,,,,,,,,,,,,,
20200407,,,,,,,,,,,,,1,,,,,,,,,,,,,,,,,,,,,,,,,,,,,,,,,,,,,,
20200408,,,,,,,,,,,1,,4,,,,,,,,,,,,,,2,,,,,,,,,,,,,,,,,,,,,,,,
20200409,1,,,,,,,,,,,,1,,,,,,,,,,,,,1,,1,,,,,,,,,,,,,,,,,,,,,,,
20200410,,,,,,,,1,,,1,1,4,3,,,,,,,,,1,,,,,,,,,,,,,,,,,,,,1,,,,,,,1,
20200411,,,,,,,,2,,1,,2,,1,,,,,,,,,1,,,2,,1,,,,,,,,,,1,,,,,,,,,,,,,
20200412,1,,,,,,,,,,,1,2,1,,,,,,,,,1,,,,,,,,,,,,,,,,,,,,,,,,,,,,
20200413,,,,,,,,,,,1,,,2,,,,,,,,,,,,,,1,,,,,,,,,,,,1,,,,,,,,,,,
20200414,2,,,,,,,,,2,2,1,5,,,,3,1,,,,,,,,,1,,,,,,,,,,,,,2,,,,,,,,,,,
20200415,1,,,,,,,,,,1,1,6,,,,1,1,,,,,,,1,,1,,1,,,,,,,,,,1,2,,,,,,,,,,1,
20200416,,,,,,,,,,,2,,3,1,,,,,,,,,,1,,,,1,,,,,,,,,,,,2,,,,1,,,1,,,,
20200417,2,,,,,,,,,,1,1,7,1,,,,,,,1,,,,,,1,1,,,,,,,,,,,,1,,,,,,,,,,,
20200418,2,,,,,,,,,1,,2,5,1,,1,,1,,,,,1,,,,1,,,,,,,,,,,1,,1,,,,,,,,,,,
20200419,,,,,,,,,,1,,1,3,,,,,,,,1,,,,,,2,2,,,,,,1,,,,,,1,,,,,,,2,,,,
20200420,3,,,,,,,,,2,,,6,2,,1,,,,,1,,2,,,2,1,3,,,,,,,,,,,1,1,,,,,,,,,,,
20200421,2,,,,,,,1,,1,2,2,4,1,,,1,,,,1,,2,,,1,2,,,,,,,,,,,,,,,,,,,,,,,,
20200422,2,,,,,,,,,,1,3,,3,,,,,,,1,,,,,2,3,,,,,,,,,,,,,1,,,,,,,,,,,
20200423,,,,,,,,,,2,7,2,6,1,,1,,1,,,,,,,,,4,,,,,,,,,,,,1,2,,1,,,,,1,,,,
20200424,,,,,,,,,,1,,3,6,,,,,,,,,,1,,,,4,1,,,,,,1,,,,,,,,,,,,,,,,,
20200425,,,,,,,,,,,1,1,7,1,,1,,,,,,,1,,,,2,1,,,,,,,,,,,,,,,,,,,,,,,
20200426,,,,,,,,,,2,1,4,,1,,1,,,,,,,,,,,2,,,,,,,,,,,,,1,,,,,,,,,,,
20200427,1,,,,,,,,,1,2,3,6,1,,2,1,1,,,,,,,,1,2,,,,,,,,,,,,,1,,,,,,,,,,,
20200428,1,,,,,,,,,,3,2,2,2,,,,,,,,,,,,,4,3,,1,,,,,,1,,,,,,,,,,,,,,,
20200429,,,,,,,,,,,,,9,3,,1,2,,,,,,1,,,1,3,,,,,,,,,,,,,2,,,,,,,,,,,
20200430,2,,,,,,,1,,1,4,1,3,2,,1,,1,,,,1,1,,,,2,,,,,,,,,,,,,1,,,,,,,1,,,,
20200501,8,,,,,,,1,,,2,2,6,3,,,3,,,,,,,,,1,2,,,,,,,,,,,,,1,,,,,,,,,,,
20200502,3,,,,,,,,,,1,,15,2,,1,2,,,,,,1,,,1,3,1,,,,,,,,,,,,1,,,,,,,,,,,
20200503,1,,,,,,,,,,1,,4,3,,1,2,,,,,,,,,,4,,,,,,,,,,,,,2,,,1,,,,,,,,
20200504,2,,,,,,,1,,,1,,5,3,,2,1,,,,,,,,,,3,1,1,,,,,,,,,,,,,,,,,,,,,,
20200505,2,,,,,,,,,,,2,,1,,,,,,,,,,,,1,3,1,,,,,,,,,,,,,,,,,,,,,,,
20200506,1,,,,,,,,,2,1,1,5,1,,,,,,,,,,,,,,,,,,,,,,,,,,,,,,,,,,,,,
20200507,1,,,,,,,,,,1,1,5,,,,,,,,,,,,,,3,2,,,,,,,,,,,,,,,,,,,,,,,
20200508,1,,,,,,,,,,,,11,3,,1,,,,,,,,,,,,,,,,,,,,,,,,,,,,,,,,,,,
20200509,3,,,1,,,,,,,,1,9,1,,,,,,,,,,,,,,2,,,,,,,,,,,,,,,1,,,,,,,,
20200510,5,,,,,,,,,,1,1,,2,,,,,,,,,,,,,,,,,,,,,,,,,,,,,,,,,,,,,
20200511,6,,,,,,,,,,,,9,4,,1,1,,,,,,,,,,2,,,1,,,,,,,,,,,,,,,,,,,,,
20200512,6,,,,,,,,,,1,,7,2,,1,2,,,,,,,,,,,1,,,,,,,,,,,,,,,,,,,1,,,,
20200513,2,,,,,,,,,,1,,7,3,,1,,,,,,,,,,,1,2,,,,,,,,,,,,1,,,,,,,,,,,
20200514,2,,,,,,,,,,1,,9,1,,1,1,,,,1,,,,,,1,,,,,,,,,,,,,,,,,,,,,,,,
20200515,1,1,,,,,,,,,,2,7,1,,,,,,,,,,,,,3,1,,,,,,,,,,,,,,,,,,,,,,,
20200516,1,,,,,,,,,,1,,11,,,,1,,,,,,,,,1,4,,,,,,,,,,,,,,,,,,,,,,,,
20200517,1,,,,,,,,,,,,7,,,,,,,,,,,,,,,,,,,,,,,,,,,,,,,,,,,,,,
20200518,1,,,,,,,,,,,,4,4,,2,1,,,,,,,,,,,,,,,,,,,,,,,,,,,,,,,,,,
20200519,1,,,,,,,,,,,,3,,,,,,,,,,,,,,1,,,,,,,,,,,,,,,,,,,,,,,,
20200520,,,,,,,,,,1,,,3,1,,1,,,,,,,,,,,5,,,,,,,,,,,,,,,,,,,,,,,,
20200521,1,,,,,,,,,,,2,9,2,,,,,,,,,,,,,,,,,,,,,,,,1,,,,,,,,,,,,,
20200522,,,,,,,,,,,,,7,2,,,2,,,,,,,,,,2,2,,,,,,,,,,,,,,,,,,,,,,,
20200523,1,,,,,,,,,,,,8,2,,,,,,,,,,,,,,,,,,,,,,,,,,,,,,,,,,,,,
20200524,2,,,,,,,,,,,,9,1,,,,,,,,,,,,1,,,,,,,,1,,,,,,1,,,,,,,,,,,
20200525,2,,,,,,,,,,1,,8,,,,,,1,,,,,,,,,,,,,,,,,,,,,,,,,,,,,,,,
20200526,1,,,,,,,1,,,,,4,2,,,,,,,,,,,,1,2,,,,,,,,,,,,,,,,,,,,,,,,
20200527,1,,,,,,,,,,,,4,1,,1,,,,,,,,,,,,,,,,,,,,,,,,,,,,,,,,,,,
20200528,1,,,,,,,,,,1,1,3,3,,,,,,,,,,,,1,2,1,,,,,,,,,,,,1,,,,,,,,,,,
20200529,,,,,,,,,,,,,3,2,,,,,,,,,,,,,,1,,,,,,,,,,,,,,,,,,,,,,,
20200530,,,,,,,,,,,,,2,1,,,1,,,,,,,,,,1,,,,,,,,,,,,,,,,,,,,,,,,
20200531,,,,,,,,,,,,,1,1,,,,,,,,,,,,,,,,,,,,,,,,,,1,,,,,,,,,,,
20200601,1,,,,,,,,,,,,,,,,,,,,,,,,,,,,,,,,,,,,,,,1,,,,,,,,,,,
20200602,,,,,,,,,,,1,,1,,,,,,,,,,,,,,1,,,,,,,,,,,,,,,,,,,,,,,,
20200603,1,,,,,,,,,,,,,1,,,1,,,,,,,,,,,,,,,,,,,,,,,,,,,,,,1,,,,
20200604,2,,,,,,,,,,1,,1,,,,,,,,,,,,,1,,,,,,,,,,,,,,1,,,,,,,,,,,
20200605,,,,,,,,,,,1,,2,,,,1,,,,,,,,,,,,,,,,,,,,,,,,,,,,,,,,,,
20200606,,,,,,,,,,,,,2,,,,,,,,,,,,,,,,,,,,,,,,,,,,,,,,,,,,,,
20200607,,,,,,,,,,,,,,,,,,,,,,,,,,,,,,,,,,,,,,,,,,,,,,,,,,,
20200608,1,,,,,,,,,,,,,1,,,,,,,,,,,,,,1,,,,,,,,,,,,,,,,,,,,,,,
20200609,,,,,,,,,,,,,,1,,,,,,,,,,,,,,,,,,,,,,,,,,,,,,,,,,,,,
20200610,,,,,,,,,,,,,,,,,,,,,,,,,,,1,,,,,,,,,,,,,1,,,,,,,,,,,
20200611,,,,,,,,,,,,,,,,,,,,,,,,,,,,,,,,,,,,,,,,,,,,,,,,,,,
20200612,,,,,,,,,,,,,2,1,,,,,,,,,,,,,,,,,,,,,,,,,,1,,,,,,,,,,,
20200613,,,,,,,,,,,,,1,,,,,,,,,,,,,,1,,,,,,,,,,,,,,,,,,,,,,,,
20200614,,,,,,,,,,,,,,,,,,,,,,,,,,,,,,,,,,,,,,,,,,,,,,,,,,,
20200615,,,,,,,,,,,1,,,1,,,,,,,,,,,,,,,,,,,,,,,,,,,,,,,,,,,,,
20200616,1,,,,,,,,,,,,2,2,,,,,,,,,,,,,,,,,,,,,,,,,,,,,,,,,,,,,
20200617,,,,,,,,,,,,,1,,,,,,,,,,,,,,,,,,,,,,,,,,,,,,,,,,,,,,
20200618,1,,,,,,,,,,,,,,,,,,,,,,,,,,,,,,,,,,,,,,,1,,,,,,,,,,,
20200619,1,,,,,,,,,,12,,3,1,,,,,,,,,,,,,,,,,,,,,,,,,,,,,,,,,,,,,
20200620,,,,,,,,,,,,,,,,,,,,,,,,,,,,,,,,,,,,,,,,,,,,,,,,,,,
20200621,1,,,,,,,,,,,,,,,,,,,,,,,,,,,,,,,,,,,,,,,,,,,,,,,,,,
20200622,,,,,,,,,,,,,1,,,,,,,,,,,,,,,,,,,,,,,,,,,,,,,,,,,,,,
20200623,2,,,,,,,,,,,,2,,,,,,,,,,,,,,,,,,,,,,,,,,,,,,,,,,,,,,
20200624,1,,,,,,,,,,,,2,,,,,,,,,,,,,,,,,,,,,,,,,,,,,,,,,,,,1,,
20200625,,,,,,,,,,,,,,2,,,,,,,,,,,,,,,,,,,,,,,,,,,,,,,,,,,,,
20200626,,,,,,,,,,,,,,,,,,,,,,,,,,,,,,,,,,,,,,,,,,,,,,,,,,,
20200627,1,,,,,,,,,,,,,,,,,,,,,,,,,,,,,,,,,,,,,,,,,,,,,,,,,,
20200628,,,,,,,,,,,,,,,,,,,,,,,,,,,,,,,,,,,,,,,,,,,,,,,,,,,
20200629,,,,,,,,,,,,,,,,,,,,,,,,,,,,,,,,,,,,,,,,,,,,,,,,,,,
20200630,,,,,,,,,,,,,,,,,,,,,,,,,,,,2,,,,,,,,,,,,,,,,,,,,,,,
20200701,1,,,,,,,,,,,,,,,,,,,,,,,,,,,,,,,,,,,,,1,,,,,,,,,,,,,
20200702,1,,,,,,,,,,,,,,,,,,,,,,,,,,,,,,,,,,,,,,,,,,,,,,,,,,
20200703,,,,,,,,,,,,,,,,,,,,,,,,,,,,,,,,,,,,,,,,,,,,,,,,,,,
20200704,,,,,,,,,,,,,,,,,,,,,,,,,,,,,,,,,,,,,,,,,,,,,,,,,,,
20200705,,,,,,,,,,,,,,,,,,,,,,,,,,,,,,,,,,,,,,,,,,,,,,,,,,,
20200706,,,,,,,,,,,1,,,,,,,,,,,,,,,,,,,,,,,,,,,,,,,,,,,,,,,,
20200707,,,,,,,,,,,1,1,,,,,,,,,,,,,,,,,,,,,,,,,,,,,,,,,,,,,,,
20200708,,,,,,1,,,,,,,,1,,,,,,,,,,,,,,,,,,,,,,,,,,,,,,,,,,,,,
20200709,,,,,,,,,,,,,,,,,,,,,,,,,,,,,,,,,,,,,,,,,,,,,,,,,,,
20200710,,,,,,,,,,,,,,,,,,,,,,,,,,,,,,,,,,,,,,,,,,,,,,,,,,,
20200711,,,,,,,,,,,,,,1,,,,,,,,,,,,,,,,,,,,,,,,,,,,,,,,,,,,,
20200712,,,,,,,,,,,,,,,,,,,,,,,,,,,,,,,,,,,,,,,,,,,,,,,,,,,
20200713,1,,,,,,,,,,,,,,,,,,,,,,,,,,,,,,,,,,,,,,,,,,,,,,,,,,
20200714,,,,,,,,,,,,,,,,,,,,,,,,,,,,,,,,,,,,,,,,,,,,,,,,,,,
20200715,,,,,,,,,,,,,1,,,,,,,,,,,,,,,,,,,,,,,,,,,,,,,,,,,,,,
20200716,,,,,,,,,,,,,,,,,,,,,,,,,,,,,,,,,,,,,,,,,,,,,,,,,,,
20200717,,,,,,,,,,,,,,,,,,,,,,,,,,,,,,,,,,,,,,,,,,,,,,,,,,,
20200718,,,,,,,,,,,1,,,,,,,,,,,,,,,,,,,,,,,,,,,,,,,,,,,,,,,,
20200719,,,,,,,,,,,,,,,,,,,,,,,,,,,,,,,,,,,,,,,,,,,,,,,,,,,
20200720,,,,,,,,,,,1,,1,,,,,,,,,,,,,,,,,,,,,,,,,,,,,,,,,,,,,,
20200721,,,,,,,,,,,1,,,,,,,,,,,,,,,,,,,,,,,,,,,,,,,,,,,,,,,,
20200722,,,,,,,,,,,,,,,,,,,,,,,1,,,,,,,,,,,,,,,,,,,,,,,,,,,,
20200723,1,,,,,,,,,,1,,,,,,,,,,,,,,,,,,,,,,,,,,,,,,,,,,,,,,,,
20200724,,,,,,,,,,,1,,,,,,,,,,,,,,,1,1,,,,,,,,,,,,,,,,,,,,,,,,
20200725,,,,,,,,,,,,,1,,,,,,,,,,,,,,1,,,,,,,,,,,,,,,1,,,,,,,,,
20200726,,,,,,,,,,,,,,,,,,,,,,,,,,,,,,,,,,,,,,,,,,,,,,,,,,,
20200727,,,,,,,,,,,,,,,,,,,,,,,,,,1,,,,,,,,,,,,,,,,,,,,,,,,,
20200728,,,,,,,,,,,,2,,,,,,,,,,,,,,,,,,,,,,,,,,,,,,,,,,1,,,,,
20200729,,,,,,,,,,,1,,1,1,,,,,,,,,,,,,1,,,,,,,,,,,,,,,,,,,,,,,,
20200730,,,,,,,,,,,,,1,,,,,,,,,,,,,,,,,,,,,,,,,,,,,,,,,,,,,,
20200731,,,,,,,,,,,1,1,2,,,,,,,,,,,,,,1,,,,,,,,,,,,,1,,,,,,,,,,,
20200801,,,,,,,,,,,,,,,,,,,,,,,,,,,,,,,,,,,,,,,,,,,,,,,,,,,
20200802,,,,,,,,,,,,,,,,,,,,,,,,,,,,,,,,,,,,,,,,,,,,,,,,,,,
20200803,,,,,,,,,,,,1,1,,,,,,,,,,,,,,1,,,,,,,,,,,,,1,,,1,,,,,,,,
20200804,,,,,,,,,,,2,,,,,,,,,,,,,,,1,1,,,,,,,,,,,,,,,,,,,1,,,,,
20200805,,,,,,,,,,,1,1,,1,,,,,,,,,2,,,,,1,,,,,,,,,,,,,,,1,,,,,,,,
20200806,,,,,,,,,,,2,,,1,,,,,,,,,,,,,1,1,,,,,,,,,,,,1,,,,,,,,,,,
20200807,,,,,,,,,,,,1,,2,,,,,,,,,,,,,2,,,,,,,,,,,,,,,1,,,,1,,,,,
20200808,,,,,,,,,,,,,,,,,,,,,,,,,,,,,,,,,,,,,,,,1,,,,,,,,,,,
20200809,,,,,,,,,,,,2,,,,,1,,,,,,,,1,,1,,,,,,,,,,,,,,,,,,,,,,,,
20200810,,,,,,,,,,,,,1,,,,,,,,,,,,,,,,,1,,,,,,,,,,,,,,,,,3,,,,
20200811,,,,,,,,,1,,,1,2,1,,,,,,,,,,,,,1,,,,,,,,,,,,,1,,,,,,,,,,,
20200812,,,,,,,,,,,1,,,,,,,,,,,,1,,1,,1,,,,,,,,,,,,,,,,,,,1,,,,,
20200813,,,,,,,,,,,,,2,1,,,,,,,,,1,,,,3,,1,,,,,,,,1,1,,1,,,,,,,,,,,
20200814,,,,,,,,,,,,1,,,,,,,,,,,,,,,5,1,,,,,,,,,,,,,,,,,1,,1,,,,
20200815,,,,,,,,,,,2,,,,,,,,,,,,4,,,,,,,,,,,,,,,,,,,,1,,,,,,,,
20200816,,,,,,,,,,,,,2,,,,1,,,,,,1,,1,,,,,,,,,,,,,,,2,,,,,,2,2,,,,
20200817,,,,,,,,,,,,2,1,1,,,,,,,1,,1,1,,,5,,,,,,,,,,,,,1,,,,,,1,1,,,,
20200818,,,,1,,,,,,,1,,3,,,,,,,,,,1,,,,6,,,,,,,,,,,,,3,,,1,,,,,,,,
20200819,,,,,,,,1,,,1,,3,,,,,,,,,,2,,,,5,,,,,,,,,,,,,1,,,,,,,1,,,,
20200820,,,,,,,,,,,1,,1,1,,,1,,,,,,1,,,,1,,,,,,,,,1,,,,1,,,,,,1,2,,,,
20200821,,,,,,,,,,,,1,2,1,,,,,,,1,,3,,,,5,1,,,,,,,,,,,,,,,,,,,1,,,,
20200822,,,,,,,,,,,1,,,,,1,,,,,,,2,,,,1,,,,,,,,,,,,,1,,,,,,,,,,,
20200823,,,,,,,,,,,,,,,,,1,,,,,,3,,,,,,,,,,,,,1,,,,2,,,,,,1,1,,,,
20200824,,,,,,,,,,,,,2,4,,,,,,,,,,,,,2,,,,,,,,,,,,,1,,,,,,,4,,,,
20200825,,,,,,,,1,,,,1,2,3,,,,,,,,,1,,,1,3,,,,,,,,,,,,,1,,,,,,,1,,,,
20200826,,,,,,,,,,,,1,2,1,,,,,,,,,,,,,2,1,2,,,,,,,,,,,1,,,,,,2,1,,,,
20200827,,,,,,,,,,,1,,,,,,2,,1,,,,2,,,,2,1,,,,,,,,1,,,,,,,,,,,1,,,,
20200828,,,,,,,,1,,,1,,2,,,,,,1,,,,1,,,,9,2,,,,,,,,,,,,3,,,,,,,,,,,
20200829,,,,,,,,,,,1,,,2,,,,,,,1,,3,,1,,,,,,,,,,,,,,,3,,,,,,,,,,,
20200830,,,,,,,,,,,,1,2,4,,1,,,,,,,1,,,1,1,,,,,,1,,,,,,,1,,,,,,,1,,,,
20200831,,,,,,,,,,,,,3,1,,1,,,1,,,,,,,,4,,1,,,,,,,,,,,2,,,,,,,1,,,,
20200901,,,,,,,,,,,1,1,1,1,,,,,,1,,,3,,1,,3,,,,,,,,,,,,,1,,,,1,,,,,,,
20200902,1,,,,,,,1,,,,,,,,,1,,,,,,3,,,2,2,,1,,,,,,,,,,,1,,,,,,,1,,,,
20200903,,,,,,,,,,,,,1,2,,,,,,,,,1,,1,,,,,,,,,,,,,,,1,,,,,,,2,,,,
20200904,,,,,,,,,,,,,4,,,,3,,1,,,,1,,,,4,1,1,,,,,,,,,,,2,,,,,,,,,,,
20200905,1,,,,,,,,,,3,,,,,,1,,,,,,,,,,2,,,,,,,,,,,,,1,,,,,,,1,,,,
20200906,,,,,,,,,,,,1,,,,,,,,,,,1,1,,,2,,,,,,,,,1,,,,1,,,1,,,,,,,,
20200907,,,,,,,,,,,1,,3,,,,1,,,,,,,,,,1,,,,,,,,,,1,,,,,,,,,,4,,,,
20200908,,,,,,,,,,,1,,6,,,,,,,,,,,1,,,2,,,,,,,,,1,,,,5,,,,,,,2,,,,
20200909,,,,,,,,,,,2,1,1,,,,1,,,,,,,,,,3,,,,,,,,1,2,,,,,,,,,,,3,,,,
20200910,1,,,,,,,,,,,1,,,,,1,,,,,,,,,,1,,,,,,,,,,,,,3,,,,,,,,,,,
20200911,,,,,,,,,,,,,1,,,,1,,,,,,1,1,,,3,1,,,,,,,,,,,,1,,,,,,,,,,,
20200912,,,,,,,,1,,,,1,2,1,,,,,,,,,,,,,2,,,,,,,,,,,,1,1,,,,,,,4,,,,
20200913,,,,,,,,,,,,,,1,,,,,,,,1,1,,,,2,,,,,,,,,,,,,1,,,,,,,,,,,
20200914,,,,,,,,1,,,,,2,1,,,1,,,,,,,,,,1,,1,,,,,,,,,,,,,,,,,,,,,,
20200915,,,,,,,,,,,,,2,,,,,,,,,,1,,,,6,,,,,,,,,,,,,4,,,,,,,,,,,
20200916,,,,,,,,,,,,,3,1,,,1,1,,,,,,,,,2,,,,,,,,,1,,,,4,,,,,,,,,,,
20200917,,,,,,,2,,,,,,,5,,,,,,,,,,,,,,1,,,,,,,,,,,,,,,,,,1,,,,,
20200918,,,,,,,,,,,2,1,1,,,,,,1,,,,1,,,,2,,,,,,,,,,,,,2,,,,,,,,,,,
20200919,,,,,,,,,,,1,,,,,,,,,,,,1,,,,2,,,,,,,,,,,,,,,,,,,,,,,,
20200920,,,,,,,,,,,,,,,,,,1,,,,,2,,,,,1,,,,,,,,,,,,,,,,,,,,,,,
20200921,1,,,,,,,,,,,,1,,,,1,,,,,,,1,,,1,,,,,,,,1,,,,,1,,,,,,,,,,,
20200922,,,,,,,,1,,,,,,1,,,,,,,,,,1,1,,1,,,,,,,,,,,,,,,,,,,,,,,,
20200923,,,,,,,,,,,,,1,,,,1,,,,,,2,,,,1,,,,,,,,,,,,,1,,,,,,,,,,,
20200924,,,,,,,,,,,,2,3,,,,,,,,,,,,,,4,,,,,,,,,,,,,3,,,,,,,,,,,
20200925,,,,,,,,,,,,,4,,,,,,,,,,,,,,1,2,,,,,,,,,,,,,,,,,,,,,,,
20200926,,,,,,,,,,,,,1,,,,,,,,,,,,,,1,,,,,,,,,,,,,,,,,,,,1,,,,
20200927,,,,,,,,,,,1,,,,,,1,1,,,,,,,,,,,,,,,,,,,,,,,,,,,,,,,,,
20200928,,,,,,,1,,,,,,6,1,,,,,,,,,,,,,2,,,,,,,,,,,,,1,,,,,,,,,,,
20200929,,,,,,,,,,,1,1,1,1,,,,,,,,,1,,,,1,,,,,,,,,,,,,1,,,,,,,,,,,
20200930,,,,,,,,,,,,,1,,,1,,,,,,,2,,,,2,,,,,,,,,,,,,1,,,,,,,,,,,
20201001,,,,,,,,,,,,,1,2,,,,,,,,,,,,1,3,,,,,,,,,,,,,1,,,,,,,,,,,
20201002,,,,,,,,,,,,1,,3,,,,,,,,,,,,,6,,,,,,,,,,,,,,,,,,,,,,,,
20201003,,,,,,,1,,,,,,2,,,,,,,,,,,,,,2,,,,,,,,,,,,,,,,,,,,1,,,,
20201004,,,,,,,,,,,,,,,,,,,,,,,,,,,1,,,,,,,,,,,,,,,,,,,,,,,,
20201005,,,,,,,,,,,,,2,1,,,,,,,,,,,,,1,,,,,,,,,,,,,,,,,,,,,,,,
20201006,,,,,,,,,,,,,1,1,,,,,,,,,3,,,1,1,,,,,,,,,,,,,,,,,,,,,,,,
20201007,,,,,,,,,,,,,2,2,,,,,,,,,,,,,1,,,,,,,,,,,,,,,,,,,,,,,,
20201008,,,,,,,,,,,,,1,2,,,,,,,,,,,,,,,,,,,,,,,,,,,,,,,,,,,,,
20201009,,,,,,,,,,,,,4,1,,,,,,,,,,,,,,,,,,,,,,,,,,,,,,,,,1,,,,
20201010,,,,,,,,,,,,,,,,,,,,,,,1,,,,2,,,,,,,,,,,,,,,,,,,,,,,,
20201011,,,,,,,,,,,,1,,,,,,,,,,,1,,,,,,,,,,,,,,,,,,,,,,,,,,,,
20201012,,,,,,,1,,,,,,,1,,,,,,,,,,,,,1,,,,,,,,,,,,,,,,,,,,1,,,,
20201013,,,,,,,,,,,,1,2,,,,,,,1,,,,,,,,,,,,,,,,,,,,,,,,,,,,,,,
20201014,,,,,,,,1,,,,,2,2,,,,,,1,,,,,,,,1,,,,,,,,,,,,,,,,,,,2,,,,
20201015,,,,,,,,,,,,1,2,,,,,,,,,,,,,,,,,,,,,,,,,,,,,,,,,,,,,,
20201016,1,,,,,,1,,,,1,1,4,1,,,,,,,,,,,,,2,,,,,,,1,,,,,,,,,,,,,3,,,,
20201017,,,,,,,,,,,,,3,,,,,,,1,,,,,,,1,1,,,,,,,,,,,,,,,,,,,,,,,
20201018,,,,,,,,,,,,,2,,,,,,,,,,,,,,,,,,,,,,,,,,,1,,,,,,,1,,,,
20201019,,,,,,,,,,,,,,,,,,,,,,,,,,1,,,,,,,,,,,,,,,,,,1,,,,,,,
20201020,,,,,,,,,,,,,1,,,,,,,,,,,,1,1,,,,,,,,,,,,,,,,,,,,,,,,,
20201021,,,,,,,,,,,,,2,1,,,,,,,,,,,,,2,,,,,,,1,,,,,,,,,,,,,1,,,,
20201022,,,,,,,,,,,,,3,2,,,1,,,,,,1,,,1,2,,,,,,,,,,,,,,,,,,,,1,,,,
20201023,,,,,,,,,,,1,,3,3,,,1,,,,1,,,,,,1,,,,,,,,,,,,,1,,,,,,,1,,,,
20201024,,,,,,,,,,,1,,,2,,,,,,,,,,,,,1,,,,,,,,,,,,,,,,,,,,,,,,
20201025,1,,,,,,,,,,,1,2,1,,,,,,,,,,,,,1,,,,,,,,,,,,,,,,,,,,,,,,
20201026,,1,,,,,,,,,1,,3,2,,,,,,,,,,,,,1,,,,,,,,,,,,,,,,,,,,,,,,
20201027,,,,,,,,,,,,1,1,1,,,,,,,,,,,,,,1,,,,,1,,,,,,,,,,,,,,,,,,
20201028,,,,,,,,,,,,,,1,,,,,,,,,2,,,,1,,,,,,1,,,,,,,,,,,,,,,,,,
20201029,,,,,,,,,,,,,2,3,,,,,,,,,,,,,1,1,,,,,1,,,,,,,,,,,,,,2,,,,
20201030,,1,,,,,,,,,,1,2,,,,,,,,,,1,,,,1,,1,,,,,,,,,,,,,,,,,,1,,,,
20201031,1,1,,,,,,,,,1,1,,1,,,,,,,,,1,,,,4,,,,,,,,,,,,,1,,,,,,1,2,,,,
20201101,,,,,,,,,,,,1,,,,,,,,2,,,,,,,2,,,,,,,,,,,,,1,,,,,,,,,,,
20201102,,,,,,,,,,,1,,4,2,,,,,,,,,,,,,2,2,,,,,1,,,,,,,,,,,,,,,,,,
20201103,2,,,,,,,,,1,1,,,,,,,,,,,,,,,,1,1,,,,,1,,,,,,,,,,,,,,,,,,
20201104,,,,1,,,,,,,1,,,,,,,,,,1,,,,,,,1,,,,,,,,,,,,,,,,,,,,,,,
20201105,,,,,,,,,,,1,,2,,,,,,,,,,1,,,,2,,,,,,1,,,,,,,1,,,,,,,1,,,,
20201106,1,,,,,,,,,,,1,,1,,,,,,,,,,,,,,,,,,,,,,,,,,,,,1,,,,,,,,
20201107,,,,1,,,,,,,1,,,3,,,,,,,,,,,,,,,,,,,,,,,,,,,,,,,,,,,,,
20201108,1,,,1,,,,,,,,,,1,,,,,,,,,1,,,,,,1,,,,,,,,,,,,1,,,,,,1,,,,
20201109,1,1,,1,,,,,,,,,1,,,,,,,,,,,,,,4,2,,,,,2,,,,,,,,,,,,,,,,,,
20201110,2,,,,,,,,,,1,1,3,2,,,,,,,,,,,,,3,2,,,,,1,,,,,,,,,,,,,,,,,,
20201111,3,,,,,,,,,,,,3,1,,,,,,,,,2,,,1,1,1,,,,,,,,,,,,,,,,,,,,,,,
20201112,2,1,,2,,,,,,,1,,2,1,,,,,,,,,,,,,,,,,,,,,,,,,,,,,,,,,1,,,,
20201113,1,,,,,,,,1,,5,1,,,,,,,,,,1,,,,1,2,,,,,,,,,,,,,,,,,,,,,,,,
20201114,1,,,,,,,,,,,,,,,,,,,,,,,,,1,1,,,,,,,,,,,,,,,,,,,,,,,,
20201115,3,,,,,,,,,,,,,,,,,,,,,1,,,,1,1,,,,,,,,,,,,,,,,1,,,,,,,,
20201116,2,,,,,,,,,,2,,2,,,,,,,,1,,,,,,3,1,,,,,,,,,,,,,,,,,,,,,,,
20201117,2,,,,,,,,,,1,,4,1,,,,,,,,,1,,,1,1,2,,,,,,,,,,,,1,,,,,,,,,,,
20201118,3,,,1,,,,,,,3,,,,,,,,1,,,,2,,,,,1,,,,,1,1,,,,,,,,,,,,,1,,,,
20201119,7,,,,,,,1,,1,2,1,,1,,,,,,,,1,1,,,,3,,,,,,,,,,,,,1,,,1,,,,1,,,,
20201120,2,,,,,,,,,,3,1,1,,,,,,,,,,,,,,4,3,,,,,,,,,,,,,,,,,,,,,,,
20201121,3,,,,,,,,,,1,,1,,,,,,,,,,1,,,,5,,,,,,,,,,,,,,,,1,,,,,,,,
20201122,3,,,,,,,,,,1,,1,1,,,,,,,,,1,,,,,,,,,,,,,,,,,,,,,,,,,,,,
20201123,3,,1,,,,,,,,,,,,,,,,,,,,3,,,,1,,,,,,,,,,,,,,,,,,,,,,,,
20201124,6,,,,1,,,,,,2,,,3,,,,,,,,,1,,,1,4,,,,,,,,,,,,,1,,,,,,,,,,,
20201125,6,,,,,,,,,,3,,3,1,,,,,,,,1,3,,,1,3,,,,,,,,,,,,,,,,,,,,,,,,
20201126,7,,,,,,,,,,1,,3,3,,,,,,,,1,,,,,12,,,2,,,,,,,,,,,,,,,,,,,,,
20201127,9,,,1,,,,,,,1,,3,2,,,1,,1,,1,3,2,,,,5,1,,,,,,,,,,,,,,,1,,,,,,,,
20201128,4,,,,,,,2,,,,,,,,,,,,,,,,,,,8,,,,,,,,,,,,,,,,,,,,,,,,
20201129,5,,2,,,,,,,,,,,1,,,,,,,,,1,,,,6,,,,,,,,,,,,,,,,,,,,1,,,,
20201130,5,,,,,,,,,1,2,1,1,2,,,,,1,,,1,3,,,2,4,1,1,,,,,,,,,,,1,,,,,,,,,,,
20201201,14,,1,,,,1,2,,,3,2,5,1,,,,,,,,,2,,,,6,3,,,,,,,,,,,,,1,,,,,,,,,,
20201202,5,,,,,,1,,,,2,1,5,3,,,,,,,,1,1,1,1,,7,3,1,,,,,,,,,,,,,,,,,,,,,,
20201203,11,,,,,,,,,,2,,2,6,,,,,,,,1,1,1,1,,8,3,,,,,,,,,,,,,,,,,,,,,,,
20201204,13,,,,,,,,,,5,,8,4,,,,,,,,1,4,,,,5,1,,,,,,,,,,,,1,,,,,,,3,,,,
20201205,4,,,,,,,,,,,1,2,2,,,,,,,,,2,,,,6,3,,1,,,,,,,1,,,,,,,,,,,,,,
20201206,15,,,,,,,,,,3,1,,2,,,,,,,,2,3,,,,1,1,,,,,,1,,,,,,,,,,,,,2,,,,
20201207,6,,2,,,,,,,1,3,1,6,2,,,,,,,,2,2,1,,,9,4,,,,,,,,,,,,,,,,,,,,,,,
20201208,9,,,1,,,,1,,1,3,2,6,2,1,,,,,,1,1,4,,,,9,3,,,,,,1,,,,,,1,,,,,1,,,,,,
20201209,16,,,1,,,,,1,,5,,5,1,,,,,,,1,,,,,,9,1,,,,,,,,,,1,,,,,,,,,1,,,,
20201210,5,,2,,,,,1,,,1,,2,,,,,,,,,,2,,,1,9,1,,,,,,,,,,,,,1,,,,1,,,,,,
20201211,10,,,,,,,1,,,2,2,5,2,,,,,,,3,1,2,1,,1,7,3,,,,,,,,,,1,,,,,,,,,,,,,
20201212,6,,,,,,,,,2,,,,3,1,,,,,,1,1,1,1,,1,6,4,1,,,,,,,,,,,,,,,,,,,,,,
20201213,7,,1,,,,,2,,,1,1,,,,,,,,,,,1,,,,5,1,1,,,,,,,,,,,,,,,,,,,,,,
20201214,15,,1,,,,,3,,1,2,,3,1,,,,,,,,1,1,,,,14,,,,,,,1,,,,1,,1,,,,,,,2,,,,
20201215,11,,2,,,,,1,,1,1,3,9,1,1,,,,,1,1,,2,1,,1,10,5,,,,,,2,,,,,,,,,,,,,,,,,
20201216,11,,,,,,1,,,,,1,10,2,,,,,,,,2,3,1,,,11,8,,,,,1,1,,,,,,,,,,,1,,,,,,
20201217,6,,,,,1,,2,,,3,2,,1,,,,,,,,3,2,1,,,12,3,,,,,,1,,,,,1,,,,,,,,,,,,
20201218,13,,2,,,,1,,1,1,,,4,5,,,,,1,2,1,,4,,,,10,2,,,,,,,,,,,,,,,,1,,,,,,,
20201219,10,,2,,,,,,1,1,,2,5,2,,,,,,,1,1,2,,,,9,,1,,,,,,,,,1,,1,,,,,1,,,,,,
20201220,5,,2,,,1,,,,2,,,,1,,,,,,1,,,5,,,,6,3,4,,,,,2,,,,1,,2,,,,1,,,,,,,
20201221,8,,,,,,1,,,1,3,,1,4,,,,,,1,,2,5,,,1,11,6,,,,,,,,,,,,1,,,1,,,,2,,,,
20201222,7,,2,,,,,,,,3,2,1,2,,,,,,,2,2,6,,,,12,4,,,,,1,1,1,,,,1,,,,1,,,,,,,,
20201223,10,,,1,,,3,1,,,3,1,10,5,,,,,,,1,2,3,,,,8,3,,,,,,3,,,,,,1,,,,,,,1,,,,
20201224,4,,2,,,,1,,1,2,6,2,9,3,,,,,,1,1,1,8,,,1,7,3,,,,,,1,,,,,,1,,,,,,,,,,,
20201225,8,,,,,1,2,,,,1,1,10,6,,,,,1,1,1,2,3,,,2,8,15,1,,,,,,,,,,,,,,1,,,,,,,,
20201226,4,1,,1,,,,,,,,2,10,1,,,,,,,1,,6,1,,,11,8,,,,,,1,,,,,,,,,,,,,,,,,
20201227,7,,,,,1,,,,,6,,,1,,,,,,,2,1,1,,,,8,8,1,,,,1,2,,,,,,,,,,,,,1,,,,
20201228,5,,,,,1,2,1,,5,,,6,,,,,,,,,,7,,,,13,8,,,,,,2,,,,1,,,,,,,,,,,,,
20201229,6,1,1,1,,,,,,,6,1,5,8,,,,,,1,,2,4,,,3,5,10,,,,,,3,,,,,,1,,,,,1,,,,,,
20201230,3,,1,1,,,1,,,3,1,2,4,5,,,,,,1,2,1,3,1,,2,8,11,2,,,,1,1,,,,1,,1,,1,1,,,1,,,,,
20201231,5,,,,,1,,,,1,2,1,5,3,,,1,1,,,1,,5,1,,1,9,2,,,,,,6,,,,,1,,,,,1,2,,,,,,
20210101,3,,,,,2,1,2,,1,3,3,4,4,,,,,,,1,,2,,1,,9,9,,,,,,1,,,,,1,,,,1,,1,,,,,,
20210102,4,,,,,,,,,,,,,3,,,,,,1,2,,5,,,4,6,1,,,,,,5,,,,,,,,,,,,,,,,,
20210103,12,,,,,,,,,1,4,3,1,2,,,,,,,1,,6,1,1,3,7,8,1,,,,,2,,,,,1,1,,1,4,,,,,,,,
20210104,4,,,,,,1,,,1,5,,2,5,,,,,,,1,,5,1,,2,11,4,,,,,,2,,,,,,2,,,,,,,2,,,,
20210105,3,,,,,,2,,1,,6,4,14,6,,,,,,2,2,1,7,,,2,7,10,1,,,,,4,,,,,1,,,,3,,,,,,,,
20210106,5,,,,,,2,1,,1,4,,8,4,,,,,,,1,2,9,,1,2,10,9,,1,,,,2,,,,,,1,,1,,,,,1,,,,
20210107,2,,,,,,1,,,1,8,3,11,4,,,1,,,,1,2,8,,,3,8,2,,,,,,3,,,,,,2,,1,3,,,,,,,,
20210108,10,,1,1,,,1,,2,,6,,7,7,,,,,,,1,2,7,1,1,,19,5,,,1,,,1,,,,,,3,,,1,,1,,,,,,
20210109,4,,,,,1,,1,,,,5,8,4,,,,,,,1,1,3,1,1,3,10,9,,,,,,1,,,1,,1,,,,3,1,,,,,,,
20210110,6,,,,,,,,1,,,3,3,3,,,,,,,1,,9,,,2,7,4,,,,,,1,,,,,1,1,,1,1,1,,,,,,,
20210111,5,,,,,,2,,2,5,1,1,4,1,,,,,,,,2,4,,,2,7,2,2,,,,1,3,,,,,,1,,,2,1,,,,,,,
20210112,3,,,,,1,,,4,2,5,3,2,4,,,,,,,1,2,9,,,,10,9,2,,1,,,2,1,,,,,3,,,,,,,,,,,
20210113,4,,,,,1,,1,,,7,9,13,13,,,1,,,1,2,2,9,,,2,13,11,1,,,,,,1,,,,,1,,2,1,,1,,1,,,,
20210114,3,,,,,,,,,1,1,8,3,4,2,,,,,2,3,4,8,1,1,,11,4,,1,,,,4,,,,,,2,,2,,,,,1,,,,
20210115,6,,,1,,1,,,1,1,2,3,10,10,,,,,,,1,3,11,,1,2,12,5,,1,,,,2,,,1,,,1,,,1,1,,1,,,,,
20210116,7,,,1,,,2,1,1,2,6,2,3,3,,,,,,,1,,1,,,2,12,3,,,,,,3,,,,1,,2,,1,2,,,,,,,,
20210117,4,,,1,,,1,2,,,4,4,5,3,,1,1,,,,1,1,6,,1,2,4,1,,1,,,,,,,,,1,,1,1,2,1,,,,,,,
20210118,2,,,1,,,,1,1,,5,5,3,5,,,,1,,,,2,7,,,3,10,1,,,,,,2,,1,,,,4,,2,2,,,,,,,,
20210119,6,,,,,,1,,4,,10,7,16,8,2,,1,,,2,4,,7,1,,2,13,4,1,,,,1,,,,1,1,,8,,1,1,,2,,,,,,
20210120,5,1,,1,,,,,5,1,7,8,10,9,,,,,1,,1,,4,,1,1,12,9,,,,,,4,1,,,1,,4,,1,1,1,1,,2,,,,
20210121,6,,,,,,1,2,1,3,1,5,7,7,,,1,,,3,1,,8,1,,3,19,10,,,,,,2,,1,3,1,,3,,,4,,,,1,,,,
20210122,5,,,,,,,1,4,,11,9,9,5,,,,,,,1,4,5,2,5,4,16,12,,1,,,,3,,,2,,,4,,,2,2,1,,1,,,,
20210123,3,,,,,,,3,2,1,,5,9,8,,,,,,2,1,,4,1,1,5,14,8,2,,,,,3,2,1,1,,,2,,1,2,,,1,,,,,
20210124,4,,,,,,1,2,1,1,5,3,3,1,,,,1,,,2,1,6,,,2,10,2,1,,,,1,2,,,1,,,2,,1,2,1,,,,,,,
20210125,6,2,,,,,1,,2,,2,2,14,11,,,1,,,,,,4,,,,7,9,1,1,,,,1,1,1,,,,3,,1,2,1,1,,,,,,
20210126,4,,1,,,,2,2,2,1,9,5,13,13,2,,,1,,1,2,3,7,,1,3,14,7,,,,,1,1,2,,1,,,1,,,2,,1,2,,,,,
20210127,6,,,,,,1,1,,,2,6,18,9,,,,1,1,3,,1,4,1,,2,23,2,,,,,1,2,1,,,,,3,,2,,,,,,,,,
20210128,3,2,1,,,,2,4,1,1,9,4,20,11,,,1,1,,2,,2,9,,1,3,15,10,,,,,,,2,,,1,1,4,,2,,,,,,,1,,
20210129,3,,,,,,1,2,1,,1,10,17,18,,,,2,,1,,,6,1,1,3,10,10,,,,,,1,2,1,1,,,4,,,,,,1,,,,,
20210130,6,,,,,,,,3,1,11,5,19,6,,,,,1,1,1,,2,,1,,10,8,1,,,,1,,3,,,,,4,,1,4,1,,,,,,,
20210131,5,,,,,,1,,1,,9,7,3,6,,,,,,,1,,4,,,4,11,3,1,1,,,,,2,,,,,2,,1,,,3,,,,,,
20210201,5,,,,,,,4,1,2,7,4,8,8,1,,,1,,,,2,5,,1,2,4,11,1,1,,,2,2,,,,1,,6,,1,,,,,,,,,
20210202,1,,,,2,,2,2,2,,9,14,23,13,,,,,1,2,,1,5,,2,1,16,9,1,,,,1,,2,,,2,,3,,3,,,,,2,,,,
20210203,3,,1,,,,4,,,,10,3,32,19,2,,,,,,1,1,10,2,,3,12,8,,,,,,,1,1,,,,4,2,1,,,,,,,,,
20210204,1,,1,,,,2,3,,1,10,9,25,14,,,,,,1,3,2,9,2,,2,7,3,1,,,,,,,,1,,,5,,,1,1,,,,,,,
20210205,5,,,,1,,,1,,3,11,6,22,11,,,,1,,,3,2,7,,,2,12,8,1,,,,1,,1,,,,3,4,,1,,,,,,,,,
20210206,2,,,,,,3,3,4,1,6,8,21,6,,,1,1,,,2,2,7,1,,3,14,3,,,,,,1,1,,,,,2,,2,,,,,,,,,
20210207,1,,,,,,1,3,2,,4,6,6,3,,,,1,,,3,,7,,,2,7,,,,,,,,1,,1,1,,3,,,,,,,,,,,
20210208,5,,,1,,,2,2,1,,8,2,12,14,,,1,,,,1,,4,1,,2,11,4,,,,,1,1,1,,,,,5,,,2,,,,2,,,,
20210209,2,,,,,,1,1,1,,13,2,18,17,1,,,,,,2,1,6,3,,3,12,8,,,,,,,2,,,,,1,,,,,,,,,,,
20210210,1,1,,,,1,,5,,3,13,16,25,12,,,,,1,,3,2,5,1,2,2,10,7,,1,,,,2,2,,,,,5,,,,,,,1,,,,
20210211,2,1,,,1,,,1,,,9,9,21,3,,,,1,,,,2,5,1,,3,6,8,,,,,,,1,,,,,1,,,1,,,,2,,,,
20210212,2,1,,,,1,2,1,1,,4,2,15,3,,,,,,,1,,1,1,4,,8,5,1,,,,2,,,,,,,4,,,,,,1,2,,,,
20210213,5,,,,,,2,3,,,4,13,11,1,,,,,,,1,1,4,1,,1,7,2,,,,,,1,,,,,,4,,,3,,,1,1,,,,
20210214,2,1,,,,,1,3,,,3,4,6,1,,,,1,,,2,,3,,,2,2,2,,,,,,,2,,,,,2,,,,,,,1,,,,
20210215,1,,,,1,,,4,1,2,12,3,6,11,,,,,,2,5,,4,3,,,4,3,,1,,,,,,,1,,,5,,1,,,1,1,1,,,,
20210216,2,,,,,,1,1,1,,10,9,27,14,1,,,,,,,,5,1,1,,9,11,,,,,,,,,,,,6,,,,,,,2,,,,
20210217,2,1,,,,,,1,,,5,13,19,12,,,,,,,,,5,,,,11,6,1,,,,1,,,1,,,,4,1,,,,,2,,,,,
20210218,3,,,,,,1,,,2,8,10,27,,,,,,,,,,6,2,,2,4,2,,,,,1,,,,,,,1,,,1,2,,,,,,,
20210219,3,1,1,,,,2,2,1,,6,2,11,6,,,1,,,,4,,3,,2,,2,1,,,,,,,,,,1,,8,,,1,,,,6,,,,
20210220,6,,,1,,,,,3,,10,4,27,7,,,,,,,,,1,,1,3,4,2,1,,,,1,2,,,,,,4,,,,,,,1,,,,
20210221,,,,,,,,1,1,,7,6,17,1,,,,,,,3,,4,,,1,1,,,,,,,,,,,,,5,,,,,,,3,,,,
20210222,4,,,,,,1,,,,5,10,9,6,,,,,,,2,1,4,1,1,,3,1,,,,,1,,1,,,,,4,1,,,1,,,,,,,
20210223,5,,,1,,,,,,,5,11,11,5,,,,,,,1,,1,2,,1,5,3,,,,,,,,,,,,2,,,,,,1,,,,,
20210224,2,1,,,,,,2,,1,3,10,17,8,,,,,,,2,,3,,,,4,7,,1,,,,1,,,,,,6,,,,,,1,,,,,
20210225,4,,,,,,1,1,1,,7,11,23,7,1,,1,,,,,,1,,,,5,8,,,,,,,1,,,,,2,,,,,,,,,,,
20210226,4,,,,,,,,,,9,7,30,4,,,,,,,1,,2,1,1,1,6,6,,,,,,,1,,,,,3,,,,,,,4,,,,
20210227,,,,,,,1,,,,9,6,15,1,,1,,,1,,,,1,,1,,3,,,,,,,,,,,,,1,,,,,,,1,,,,
20210228,2,,,,,,,3,,,6,3,6,1,,,,,,,1,,,,,1,2,,1,,,,,,,,,,,4,,,,,,,,,,,
20210301,2,,,,,,,1,,,7,3,19,2,,,,,,,1,,4,,1,,2,4,1,,,,1,,1,,,,,2,,,,,,,,,,,
20210302,5,,,,,,,4,1,1,11,5,5,7,,,,,,,,,4,1,,,4,7,,,,,,,,,,,,8,,,,,,1,1,,,,
20210303,3,,,,,,2,1,,,8,3,19,5,,,,,,,1,,5,1,,1,3,8,,,,,,,,,,,,2,,1,,,,,,,,,
20210304,2,,,,,,3,1,,1,7,3,23,10,,,,,,,,1,4,1,,1,2,5,,,,,1,1,1,,,,,,,,,,,,,,,,
20210305,1,,,,,,1,,1,,13,3,12,9,,,,,,,,1,3,1,,2,4,2,,,,,,,,,,,1,,,,,1,,,,,,,
20210306,1,,,,,,3,,,1,7,5,8,2,,,,,,,,2,2,,,2,2,1,,,,,,,1,,,1,,,1,,1,,,,,,,,
20210307,2,,,,,,1,,,,8,5,,,,,,,,,2,1,1,,,,1,1,1,,,,,,,,,,,1,,,,,,,,,,,
20210308,,,,,,,1,2,,1,4,5,17,1,1,,,,,,1,1,3,2,,,2,1,,,,,,,1,,,,,2,,,,,,,,,,,
20210309,3,,,,,,4,,,,8,4,21,5,,,,,,,,,1,,1,1,5,2,,,,,,,,1,,,1,,1,,,,,,,,,,
20210310,1,,,,,,2,2,,,2,6,18,11,,,,,,,,1,3,2,,,2,,,,,,,,,,,,,2,,,,,,,2,,,,
20210311,3,,,,,,2,,,1,2,4,18,4,,,,,,,,,3,1,,1,2,2,,,,,,,,,,,,1,,,,,1,,,,,,
20210312,4,,,,,,,1,,,5,3,25,4,,,,,,,1,2,3,1,,,4,1,,,,,1,,,1,,,,2,,,,,,,,,,,
20210313,2,,,,,,1,,,1,8,6,16,5,,,,,,,1,,2,,,,4,2,,,,,,,,,,,,2,,,1,,,,,,,,
20210314,1,,,,,,4,,,,9,,3,1,,,,,1,,1,,,,1,,,,,,,,,,,,,,,1,,,,,,,,,,,
20210315,2,,,1,,,,,1,1,7,3,9,2,,,,,,,,2,4,,2,,2,,,,,,,,,,,,,2,,,,,,,,,,,
20210316,6,,,,,,2,1,,1,5,9,16,6,,,,,,,,1,2,1,,,2,,,,,,,,1,,,,,3,,1,,,,,,,,,
20210317,4,,,,,1,,1,,1,,6,7,6,,,1,,,,1,2,1,1,,,2,6,1,,,,,,,,,,,1,,,,,,,1,,,,
20210318,,,,1,,,2,,1,,1,6,12,1,,,,,,,,1,2,,,1,1,,,,,,,,,,,,,2,1,,,,,,,,,,
20210319,6,,,,,,4,,,1,1,4,6,2,,,,,,,1,1,4,1,,,1,,,,,,,,,,,,,1,,,,,,,,,,,
20210320,4,,,,,,,,,,3,4,2,1,,,,,,,,,1,1,,1,,,,,,,,,,,,,,2,,,,,,,,,,,
20210321,2,,,,,,1,,,,8,,4,,,,,,,,1,1,,,,,,,1,,,,,,,,,,,,,,,,,1,,,,,
20210322,2,,,,,,,1,,1,2,2,7,4,,,,,,,1,4,1,,,,5,1,,,,,,1,,,,,,2,,,,,,,,,,,
20210323,2,,,,,,2,,,3,,3,18,3,,,1,,,,1,1,1,,1,1,2,7,1,,,,,2,,,,,,1,,,,,,,3,,,,
20210324,2,,,,,,1,1,,1,,2,6,3,1,,,,,,,,,,,,1,3,,,,,,,,,,,,,,,,,,,,,,,
20210325,3,,,,,,1,,,,,7,7,1,,,,,,,,,1,1,2,1,2,,,,,,,,,,,,,1,,,,,,,,,,,
20210326,2,,,1,,,2,1,,,5,1,15,1,,,,,,,,,,,,,1,1,,,,,,,,,,,,1,1,,,,,,1,,,,
20210327,,,,1,,,,,,,3,4,16,,,,,,,,,,2,1,,,2,,1,,,,,,,,,,,1,,,,,,,,,1,,
20210328,1,,,1,,,2,,,,,1,20,,,,,,1,,,,,1,,,1,,1,,,,,,,,,,,,,,,,,,,,,,
20210329,1,,,,,,,,,,,3,12,1,1,,,,,,1,,2,,,1,2,2,1,,,,,,,,,,,,1,,,,,,1,,,,
20210330,2,,,1,,,1,1,,,1,,10,3,,,,,,,,3,3,,,,4,1,,,,,,,,,1,,,1,,1,,,,,,,,,
20210331,3,,,,,1,,,,,,5,23,4,,1,,,,,1,,3,,1,,2,4,1,,,,,,,,,,,,,,,,,,,,,,
20210401,3,,,,,,1,,,,1,2,4,1,,,,,,,,,,,1,1,,3,,,,,,,,,,,,,,,,,,,,,,,
20210402,2,,,1,,,1,,,,2,3,2,1,,,,,,,1,,3,1,,,5,,,,,,,,,,,,,1,,,,,,,,,,,
20210403,,,,,,,1,,,,,1,,,,,,,,,,,2,,,1,2,1,,,,,,,,,,,,,,,,,,,,,,,
20210404,,,,1,,,1,,,,1,1,,,,,,,,,1,,2,,,,3,1,,,,,,,,1,,,,,,,,,,,,,,,
20210405,,,,2,,,,,,,,2,3,1,,,,,,,1,,3,1,2,2,1,,,,,,,,,,,,,,,,,,,,1,,,,
20210406,6,,,1,,,,,,,5,3,6,1,,,1,,,1,1,,1,,,,2,,,,,,,,,,,,,,,,,,,,,,,,
20210407,4,,,3,,,,,,2,2,1,4,3,,,,2,,,,1,2,,,,2,2,,,,,,,,1,,,,1,,,,,,,,,,,
20210408,4,,,2,,,,1,,,3,2,5,1,,,,,,,,1,1,,,,3,1,,,,,,,,1,,,,,,,,,,,,,,,
20210409,4,,,,,1,,,,,,1,4,2,,,1,,,,,,3,,1,1,2,5,1,,,,,,,1,,,,,,,,,,,,,,,
20210410,2,,,1,,,1,,,,1,2,5,3,,,,,,,,1,2,,,,7,2,,,,,,,,,,,,,,,,,,,,,,,
20210411,3,,,1,,2,,,,,,,,,,,,,,1,,,2,1,,,4,1,,,,,,,,,,,,2,,,,,,,,,,,
20210412,3,,,,,1,,,,,2,3,1,1,,,,,,1,,,,,,,4,,,1,,,,1,,,,1,,5,,,,,,,,,,,
20210413,3,,,1,3,1,,1,,,3,5,7,1,,,,,,3,,,1,1,,2,8,1,1,,,,,,,2,,,,,,,,,,,1,,,,
20210414,2,,1,,,,,,,,1,2,8,,,,,1,,,,,1,,,,7,9,1,,,,,,,,,,,,,,,,,,,,,,
20210415,5,,,,,2,,,,1,1,2,9,,,,,1,,2,,,2,,,,4,1,2,,,,,,,1,,,,2,,,,,,,,,,,
20210416,4,,,2,,1,,,,,4,2,8,,,,,,,1,,,,,,1,16,4,1,,,,,,,,,2,,,,,,,,,,,,,
20210417,3,,,,,1,,,,,2,,10,,,,,2,,2,,,4,,1,1,12,2,,,,,,,,,,,,1,,,,,,,,,,,
20210418,4,,,1,,1,,,,,,,1,1,,,,,,,,,,,,1,3,2,,,,,,,,1,,,,,,1,,,,,,,,,
20210419,4,,,3,,2,,1,,,5,1,,,,,1,,,1,,,1,1,1,,4,,,1,,,,,,1,1,1,,,,,1,,,,,,,,
20210420,4,,,2,,,1,,,,2,7,5,1,,,1,,,,,,1,,,,8,7,2,,,,1,,,1,,,,1,,,1,,,,,,,,
20210421,7,,,1,,1,,,,,,3,4,1,,,,,,1,,,1,,,,20,4,1,,,,1,1,,,,1,,,,,1,1,,,,,,,
20210422,5,,,1,,,1,,,,,2,8,2,,,,,,,,,1,,,2,8,8,1,,,,,1,,1,,,,,,,,1,,,,,,,
20210423,5,,,3,,,1,1,,,,1,5,3,,,,1,,,1,,2,1,,,15,8,2,2,,,1,,,2,,,,,,,,,,,3,,,,
20210424,6,1,,2,,,,,,1,3,1,3,4,,,,1,,4,,,1,1,,1,16,4,2,,,,,,,1,,1,,1,,,,,,,,,,,
20210425,5,1,,1,,2,,1,,,,1,4,,,,1,,,4,,,,,,,21,2,2,,,,,,,3,1,2,,,,,,,,,,,,,
20210426,6,,,,,,,1,1,,1,,,,,,,,,,1,,,,,,15,4,,2,,,,,,2,,,,2,,,,,,,,,,,
20210427,6,,,3,,,2,,,,1,2,3,2,4,,,,,4,,,5,2,,3,14,5,1,1,,,2,,,1,,1,,,,,,,,,1,,,,
20210428,5,,,3,,,,,,,5,2,1,2,,,2,,,2,,,3,2,,1,14,4,,1,,,,,,1,1,,,1,,,1,,,,,,,,
20210429,2,,,,,,,,,1,,2,9,,,,,,,,1,,1,,,,44,3,2,1,,,1,,1,3,,4,,1,,1,,1,,,,,,,
20210430,4,,,,,,,,,,,,2,2,3,,,,,,,,1,,,1,8,2,2,1,,,2,1,,1,,3,1,2,,,,1,,,2,,,,
20210501,1,,,3,,,1,1,,,,2,6,3,,,2,,,,,,2,1,,,41,13,1,,,,1,,,,,1,,2,,,1,,,,1,,,,
20210502,6,1,1,,,1,,1,,,,,1,1,,,,,,,,,2,5,,,16,12,,1,,,1,,2,1,,4,,4,,,1,,,,,,,,
20210503,4,,,,,,,,,,1,1,,,,,2,,,2,2,,3,,,,19,2,,4,,,2,,,3,1,,,3,,,,,,,,,1,,
20210504,5,,,,,1,1,,,,,1,1,1,,1,2,,,,3,1,2,,,1,20,4,1,,,,1,,,,,1,,,1,1,1,,,,,,,,
20210505,2,1,1,,,,,,,,,1,,2,,,1,,,,,1,3,1,2,1,25,13,1,,,,1,,,,,2,,,,,,2,,,,,,,
20210506,5,,,2,,1,1,,,,1,1,4,,,,1,,,,,,2,,1,2,28,4,3,,,,1,,,,,2,,3,,1,1,,1,,,,,,
20210507,4,,,1,,,1,,1,2,1,7,6,6,,1,1,,,2,1,1,3,1,3,,50,39,4,,,,3,,,1,,3,,4,,,1,,,,1,,,,
20210508,3,2,1,,,,,,,,1,5,6,2,,,4,,,,,,2,,,2,41,6,,1,,,4,1,,2,,1,,1,,1,,,,,,,,,
20210509,7,,1,2,,1,1,,1,,2,1,3,4,,,1,,,,,,5,,,,19,8,,,,,2,,2,1,,1,,3,,,,,,,,,,,
20210510,4,,1,,,,1,,,1,1,1,2,4,,,3,,,,,3,3,2,,1,15,19,2,,,,2,,1,,,2,,1,,1,,,,,1,,,,
20210511,5,,,,,,,,1,2,2,6,3,1,2,1,,,,,2,2,1,2,,,55,14,3,,,,1,,,1,,3,,1,1,1,,2,1,,,,,,
20210512,7,1,2,,,1,,,,1,2,,8,5,,,,1,,,2,1,3,2,1,1,50,7,1,,,,2,,,,,3,,2,,,1,,1,,1,,,,
20210513,6,,1,1,,,,1,,1,2,2,7,2,,,4,,,,,,2,,,1,33,22,1,1,,,3,1,1,2,,1,,4,,1,,1,,,,,,,
20210514,8,,,,,,1,1,,,,3,2,5,,,1,,,1,,,4,1,1,,33,8,3,,,,1,,1,,1,,,4,,1,,1,,,,,,,
20210515,2,,,,,,,,,3,4,2,11,,,,3,,,,1,,3,,,,42,7,1,,,,2,1,,1,,,,6,,2,1,1,,,1,,,,
20210516,5,,1,,,,1,,,1,,,,1,,,,,,2,,1,3,,,,15,7,1,,,,1,1,,1,,2,,1,,2,1,,,,,,,,
20210517,10,,,3,,,,,,2,4,,7,3,7,,1,,,,,,9,,3,,23,33,1,,,,2,,2,,,1,,4,1,2,3,,,,1,,,,
20210518,8,,1,2,2,,,1,,2,1,2,11,1,,,,,,1,2,,5,1,2,1,33,128,1,,,,1,,,2,,,,1,,,,2,,,4,,,,
20210519,12,,1,,,,2,1,,2,3,1,15,2,,1,1,,,,1,,5,1,,2,22,10,,1,,,2,2,2,,,,,4,,2,,2,,,,,,,
20210520,9,,,1,,,,,,1,1,1,13,4,,1,,,,,2,,5,1,,1,32,21,,,,,4,1,,,,1,,4,1,1,,,,,1,,,,
20210521,12,1,,1,,,,2,,1,3,4,13,4,,,,,,,1,1,8,2,,,22,19,1,1,,,3,,1,1,,2,,3,1,3,1,,,,1,,,,
20210522,5,,1,,1,,,1,,1,2,3,5,,,,,,,,1,,6,,1,,24,14,1,,,,3,2,1,1,,1,,6,,1,2,,,,,,,,
20210523,11,,,,,1,,,1,3,,,2,,,,,,,,,,6,,,1,14,9,2,2,,,4,,,1,,,,3,,,1,1,,,,,,,
20210524,15,,,,,,,1,,1,1,,,1,,,,,,,,1,4,2,,2,35,8,2,1,,,2,,1,,,,,6,,,1,,,1,,,,,
20210525,9,,,,,,3,,,2,,3,9,1,2,1,1,,,,3,1,10,,1,,27,16,2,,,,3,4,,,,1,,5,,1,,,,,,,,,
20210526,13,1,,,,1,2,1,,3,,4,5,6,,,2,,,,1,1,13,,3,1,27,17,2,1,,,2,2,2,,,,,2,,1,,2,,1,,,,,
20210527,11,,,1,,1,2,1,,1,2,3,11,1,,,,,,4,2,1,15,,,4,30,11,,1,,,3,1,,,,,,6,1,,3,2,,,,,,,
20210528,17,1,,,,,,,3,2,3,1,6,4,,,,,,3,2,,13,,,2,13,10,4,1,,,2,,,,,,,5,,,,3,,,,,,,
20210529,12,,,,,1,1,2,,1,2,,6,,,,1,,,,3,,6,1,,,31,9,1,,,,1,2,,,,,,8,,1,,2,,,,,,,
20210530,15,,1,,,,2,,,1,,,,,,,2,,,,2,,8,1,,,8,5,,1,,,,2,,,,,,1,,,,,,,,,,,
20210531,19,,1,,2,,1,2,,,,,1,2,,,1,,,,,1,6,1,,2,16,9,,,,,2,1,2,,,,,8,,1,,,,,2,,,,
20210601,16,,,,,,,1,,1,4,2,7,2,,1,1,,,1,2,1,12,1,1,2,21,11,,,,,1,3,2,,1,,,4,,1,1,,,,1,,,,
20210602,10,,,,,1,,1,,,4,2,13,10,3,,,,,,1,,13,,1,1,27,10,,1,,,,1,,,1,,,4,,1,3,3,1,,1,,,,
20210603,18,,,,,1,3,,,,2,5,16,6,,,2,,,1,1,,8,,,3,19,4,2,,,,2,4,1,1,,1,,4,1,1,2,2,,,1,,,,
20210604,7,,,,2,,2,1,,1,3,3,4,6,1,,,,,,,,8,,,1,22,5,1,,,,1,4,,,,1,1,7,1,,1,3,,,,,,,
20210605,16,,1,,,2,3,,,2,3,,8,1,,,,,,,1,1,7,,1,2,8,3,,,,,1,,,1,,,,2,,,1,,,,,,,,
20210606,12,,,,,,1,1,,2,1,1,5,1,,,1,,,,,,4,,,,5,6,,,,,1,2,2,,,,,1,,,3,,,1,,,,,
20210607,15,,,1,2,,,1,1,1,1,1,3,3,,,,,1,,2,,8,,,2,15,8,1,,,,2,1,1,,,,,3,1,,,,,,1,,,,
20210608,19,,,,,,,1,,1,4,1,10,5,,1,,,,2,1,2,7,,,2,25,9,,,,,1,,1,,,1,,2,,,,3,,1,,,,,
20210609,16,,,,,1,2,2,1,,2,,7,2,5,,1,,,,4,2,8,,1,1,27,4,,2,,,1,1,,,,,,3,1,,,,,,2,,,,
20210610,11,,,,,,,,,1,4,1,6,1,1,,,,,,,,9,1,,1,17,5,1,,,,4,4,,,,,,1,,,,,1,1,,,1,,
20210611,17,,,,1,,,,,1,2,,8,2,,,1,,,,1,,6,,,2,11,9,,,,,1,,,,,,,,,,,1,,,,,,,
20210612,15,,,,,,,,,,1,1,8,,,,,,,2,,,7,,,,12,1,,,,,,2,,,,,,2,,,1,,,,3,,,,
20210613,4,,,,,,,,,,2,,6,,,,1,,,,3,,2,,1,,6,,1,,,,,3,,,1,,,1,,,1,,,,,,,,
20210614,13,,,,1,,3,,,1,2,,3,,,,,,,,1,1,5,1,1,1,10,3,1,1,,,,4,2,,1,,1,,,,,,,,4,,,,
20210615,18,,,,,,,1,,,2,2,12,6,1,,,,,1,1,,6,,1,2,4,4,,,,,1,,,,,,1,3,,,1,,,,,,,,
20210616,8,1,,1,,,,2,,,2,,12,1,,,,,,,1,1,9,,1,1,19,5,,,,1,2,4,,,1,,,6,,1,,1,,,,,,,
20210617,4,,,,,,,,,,2,3,7,2,,,2,,,,1,,7,,1,1,4,2,,,,,,,,,,,,7,,,,,,,4,,,,
20210618,3,,,1,,,1,1,1,,1,1,2,4,,,,,,,,2,6,,,1,17,1,1,,,,,1,,,,,,3,1,,,,,,,,,,
20210619,6,,,,,,,,,,,1,4,,,,,,,1,,,6,,,,5,,1,,,,1,1,,,,,,,,,,1,,1,,,,,
20210620,2,,,,,1,,,,,,,1,,,,,,,,,,4,,,,3,1,1,,,,,1,1,,1,,,2,,,1,,,1,,,,,
20210621,4,,,,,,2,,,2,,,1,1,,,,,,,,,6,1,1,,13,,1,,,,,,1,,,,,,,,1,,,1,,,,,
20210622,12,,,,,,,1,,,1,,5,2,,,,,,,2,1,4,,,1,4,1,,1,,,,1,,,,,1,1,,,,,,2,4,,,,
20210623,11,,,1,,,,,,,1,,10,2,,,,,1,,,1,2,,1,2,15,2,1,,,,1,2,1,,,,,3,,,,1,,,,,,,
20210624,4,,,1,,,,,,1,1,1,3,1,,,1,,,,,1,3,,,2,11,3,1,,,,1,1,2,,,,,,,,,,,,4,,,,
20210625,4,,,,,,,,,,1,1,2,2,,,,,,,,,2,,,1,5,1,1,,,,,3,1,,,,,2,,,1,,,,4,,,,
20210626,5,,,1,,,,,,,,1,4,,,,,,,,1,,5,,,,7,3,,,,,,,,,,,,1,,,1,,,,,,,,
20210627,3,,,1,,,,1,,,,,1,1,,1,,,,,,,,,,,,1,,,,,,,,,,,,,,,1,,,,,,,,
20210628,4,,,,,,,1,,,,,4,2,,,,,,,,,5,1,,1,14,2,,,,,,,,,,,1,1,,,,,,,2,,,,
20210629,5,,,,,,,,,,1,1,4,1,5,,,,,,,,1,,,,7,3,,,,,,1,,,,,,,,,,1,,,,,,,
20210630,5,,,,,,,,,,,1,3,1,,,,,,,1,,1,1,,1,3,19,2,,,,,,,,1,,,,,,,,,,2,,,,
20210701,1,,,,,,,1,,,1,,2,2,,,,1,,,,,2,,,2,6,1,,,,,,,,,,,,,,,1,,,,4,,,,
20210702,1,,,,,,,,,,,2,2,1,,,,,,,,1,7,,,1,3,,,,,,,,,,,,1,1,,,1,,,,4,,,,
20210703,2,,1,,,,,,1,,,2,,,,,,,,,,,,,,,,,,,,,,,1,,,,,1,,,,1,,,,,,,
20210704,2,,,,,,,,,,,,1,,,,,,,,,1,,,,,,,,,,,,,2,,,,,,,,,,,,,,,,
20210705,5,,,,,,,,,1,,,1,1,,,,,,2,,,3,,,,1,,,,,1,,1,,,,,1,1,,,,,,1,,,,,
20210706,1,,,,,,,1,,1,,2,1,3,,,,,,,,,2,,,,4,,1,,,,,,,,,,,,,,1,,,,5,,,,
20210707,,,,,,,,,,,2,1,3,3,,,,,,,,,2,,,,2,1,,,,,,,,,,,,,,,,,,,,,,,
20210708,,,,1,,,,,,,1,2,2,1,,,,,,,,,1,1,,,3,,,,,,,,,,,,,,,,,,,,5,,,,
20210709,1,,,,,,,,,,1,,2,3,1,,,,,,,,2,,,1,2,,,,,,,,,,,,,2,,,,,,,5,,,,
20210710,,,,,,,,,,,1,1,5,1,,,,,,,,,1,,,,1,1,,,,,,,,,,,,,,,,,,,,,,,
20210711,,,,,,,,,,,1,1,3,,,,,,,,,,1,,,,,,,,,,,,,,,,,,,,,,,,,,,,
20210712,,,,,,,,,,,,1,,,1,,,,,,,,1,,,,,,,,,,,,,,,,,,,,,,,,,,,,
20210713,1,,,,,,,,,,2,,2,2,,,,,,1,,1,3,,,,3,,,,,,1,1,,,,,,1,,,,,,,,,,,
20210714,,,,,,,,,,,,,4,2,,,,,,,,,4,,,1,2,,,,,,,1,,,,,1,,,,,,,,5,,,,
20210715,2,,,,,,,,,,1,4,4,1,,,,,,,,,2,,,1,2,,,,,,,,,,,,1,,,,,,,,4,,,,
20210716,1,,,,,,,,,,1,1,1,1,,,,1,,,,,1,,,,3,,,,,,,,,,,,,,,,,,,,,,,,
20210717,1,,,,,,,,1,,,2,2,5,,,,,,,,,1,,,,4,,,,,,,,,,,,,,,,,,,,,,,,
20210718,,,,,,,,,,,,,,1,,,,,,,,,1,,,,1,1,,,,,,,,,,,,,,,,,,,,,,,
20210719,1,,,,,,,,,,1,,1,,,,,,,,,,1,,,,,,,,,,,,,,,,,2,,,1,,,,5,,,,
20210720,,,,,,,1,,1,1,2,3,2,1,,,,,,,,,1,,1,,3,4,,,,,,,,,,,,,,,,,,,,,,,
20210721,,,,,,,,,,,,,4,2,,,1,,,,,1,3,,,,4,,,,,,,,,,,,,,,,1,,,,4,,,,
20210722,1,,,,,,,,,,,,,1,,,,,,,,,1,,,,1,,1,,,,,,,,1,,,,,,,,,,,,,,
20210723,3,,,,,,,,,,,,1,,,,,,,,1,,,,1,,,,,,,,,1,,,,1,,,,,,,,,,,1,,
20210724,,,,,,,,,,,1,,,,,,,,,,,,1,,,,1,,,,,,,,,,,1,,,,,,,,,4,,,,
20210725,,,,,,,,,,,,,,,,,,,,,,,,,,,1,,,,,,,,,,,,,,,,,,,,3,,,,
20210726,1,,,,,,,,,,,1,,2,,,,,,,,,2,1,1,,1,,,,,,,,,,,,,1,,,,,,,2,,,,
20210727,1,,,,,,,1,,,1,2,2,1,,,,,,,,1,,,,,,,,,,,,,,,,,,3,,,,,,,,,1,,
20210728,,,,,,,,,,,,,6,,,,,,,,,,2,,,,,,,,,,,,,,,,,,,,,,,,,,,,
20210729,,,,,,,,,,,1,1,3,2,,,1,,,,,,1,,,,2,1,,,,,,,,,,,,,,,,,,,2,,,,
20210730,,,,,,,,,1,,,2,2,1,,,1,,,,,1,,,,,,,,,,,,,,,,,,,,,,,,,1,,,,
20210731,1,1,,,,,,1,,,1,,3,1,,,,,,,,1,,,,,,,,,,,,,,,,,,,,,,,,,,,,,
20210801,,,,,,,,1,1,,,,,2,,,,,,,,,,,,,,,,,,,,,,,,,,1,,,,,,,,,,,
20210802,1,,,,,,,,1,,2,,,5,,,,,,,,,,,,,1,,,,,,,,,,,,,1,,,,,,,,,,,
20210803,,,,,,,,,,,,,7,,,,,,,,,,1,,,,,,,,,,,,,,,,,1,,,,,,,1,,,,
20210804,,,,,,,,1,1,,,,1,4,,,,,,,,,1,,1,,2,1,,,1,,,,,,,,,1,,,,,,,,,,,
20210805,,,,,,,,,,,1,1,1,1,,,,,,,,,,,,,2,1,,,,,,,,,,,,,,,,,,,1,,,,
20210806,1,,,,1,,,,,,1,1,4,5,,,,,,,,,2,,,,2,1,,,,,,,,,,,,1,,,,,,,1,,,,
20210807,1,,,,,,,,,,1,,4,1,,,,,,,1,,1,,,,3,1,,,,,,1,,,,,,,,,,,,,,,,,
20210808,,,,,,,,1,1,,,,1,4,,,,,,,,,,,,,2,,,,,,,,,,,,,,1,,,,,,,,,,
20210809,,,,,,,,1,,,1,1,3,,,,1,,,,,,,,,,,,,1,,,,,,,,,,1,,,,,,1,1,,,,
20210810,1,,,,,,,,1,,2,,3,5,,,,,,,,,,,,,,1,1,,,,,,,,,,,2,,,,,,1,2,,,,
20210811,,,,,,,,,2,,1,2,2,2,,,,,,,,,3,,,,2,1,,,,,,,,,,,,4,1,,,,,,,,,,
20210812,,,,1,,,,,1,,,4,6,2,,,,,,,,1,,,,,4,1,,,,,,,,,,,1,2,,,,,,,1,,,,
20210813,,,,,,,,3,,,,6,7,3,,,,,,,,,,,1,,3,,,,,,,,,,,,,1,,,,,,1,,,,,
20210814,1,,1,1,,,,,1,,1,5,,2,,,1,,,,,,,2,,,,,,,,,,,,,,,,1,,,,,,,2,,,,
20210815,,,,,,,,1,,,1,2,3,,,,,,1,,,,2,,,,,,,,,,,,,,,,,,,,,,,,,,,,
20210816,,,,,,,,,,,4,3,5,3,,,,,1,,1,1,,1,,,1,2,,,,,,,,,1,,,2,1,,,,,,1,,,,
20210817,3,,,,,,2,,2,1,,8,8,11,,,,,,,1,,1,,,,4,1,,,,,,,,,1,,1,2,,,,,,,1,,,,
20210818,,,,1,,,,,1,,,5,6,8,,,,,,,,,1,,,1,5,,,,,,,,,,,,,1,,,,1,,,,,,,
20210819,1,,,,,,,1,1,,2,5,4,4,,,1,,,,,1,,1,,,1,2,,,,,,,,,,,,2,,,,,1,,1,,,,
20210820,1,1,,,,,,1,1,,2,6,7,3,,,,,,,1,2,6,,,,1,,,1,,,,,,,,,,2,,,1,,,,,,,,
20210821,,,,1,,1,,1,,1,,6,6,9,,,,,,,1,,3,,,,2,,,,,,,,,,,1,,,,,1,,1,,,,,,
20210822,,,,,,,1,1,,1,1,2,8,3,,1,,,,,,,,2,,,2,,,,,,,,,,,,,,,,,,,2,,,,,
20210823,1,,,1,,,,,1,,1,4,5,2,,,,,,,1,,1,,,,8,2,1,,,,,,3,,,,,,,,,,,,1,,,,
20210824,1,,,,,,,,,,5,5,9,9,,,,,,,1,1,1,2,,1,5,1,,,,,,,,,,,,1,,,,,,,,,,,
20210825,,,,1,,,,2,,,2,9,11,9,,,2,,,,,,1,,,,1,2,,1,,,,,2,,,,,,,,,1,1,,,,,,
20210826,,,,,1,,,1,,,5,9,11,7,,,,,,,1,2,1,1,,,6,1,1,,,,,,,,,1,,1,,,,,,,3,,,,
20210827,1,,,2,,,,1,2,,5,9,18,2,,1,,,1,,,1,1,1,,1,2,1,,,,,,,,,,,,2,,,2,1,,,3,,,,
20210828,2,,,1,,,,,,1,1,7,19,3,,,,,,,2,,1,,,,2,1,1,1,,,,,,,,,,,,,,,,,,,,,
20210829,2,,1,,,,,2,,,1,6,14,2,,1,,,1,,2,1,,3,1,,2,,,1,,,,,,,,1,,1,,,1,1,2,,3,,,,
20210830,3,,,2,,,,1,,,,5,12,2,,,,,,,,3,2,3,,1,2,3,,1,,,,1,,,,,,3,,,1,,1,,,,,,
20210831,4,,,,1,,,,2,,4,11,15,11,1,1,,,,,,3,3,,,,3,,,,1,,1,,,,,,,4,,,,,,,,,,,
20210901,3,,,1,,,,5,,,4,11,7,9,,,,,,,2,1,6,3,,1,12,,,,,,,,1,,,,,1,,,,1,,3,,,,,
20210902,1,,,1,,1,1,2,1,,2,7,10,11,,,,,,,,7,2,1,,,8,1,1,,,,1,1,,,,1,,2,1,,,,,2,,,,,
20210903,2,,,,,,2,,,2,6,9,10,4,,,,,,,1,3,2,2,1,,6,2,1,,,,,4,1,1,,,,,,,,,,1,3,,,,
20210904,1,,,,,,1,1,,1,,6,15,4,,,,,,,1,,3,2,,,12,5,1,,,,1,,,,,,,2,,,1,,,1,2,,,,
20210905,,,1,,,1,,,,,3,4,10,2,,2,,,,,,1,,,,,3,,1,,,,2,,,,,,,,,,,,,1,,,,,
20210906,1,,,,,,1,,,1,2,3,16,2,1,,,,1,,1,1,2,,,1,2,,,,1,,,1,,,,,,,,,,1,,,2,,,,
20210907,3,,,,,,,2,,,4,10,16,8,,,,,,,,,1,2,,1,6,2,,,,,,,,,,,,2,,,2,,,1,2,,,,
20210908,,,,,3,,1,4,,1,5,12,17,7,,,,,,,1,2,4,4,,,9,7,1,1,,,,2,,,,,,1,,1,1,1,,2,2,,,,
20210909,,,,,,1,2,,,,7,15,19,10,1,,,,,1,,5,7,,,,8,3,,1,,,,,,,,,,4,,,,2,1,1,,,,,
20210910,,,,2,,1,,,,,8,7,15,6,1,,,,,,,,3,1,,1,14,4,,1,,,,,,,,,,1,1,,,,,1,1,,,,
20210911,1,,,2,,1,,,,1,6,4,17,11,,1,,,1,,,,3,2,,,1,,,,,,,,,,,,,1,,,,,1,,3,,,,
20210912,,,,,,,,2,,1,1,,21,3,,,,,1,,1,,2,2,,,1,1,,,,,1,,,,,,,2,,,,1,,1,,,,,
20210913,1,,,,,,,1,1,,8,3,12,2,,,,,,,,,4,,,1,4,5,2,,,,,,1,,,,,2,,1,,,1,,,,,,
20210914,1,,,,,,,,,,7,5,14,6,,1,,,1,,,3,3,,1,,4,2,,1,,,1,1,,,,,,2,,,,1,2,,,,,,
20210915,1,,,,,1,,1,1,,4,5,20,12,,2,,,,,,,5,1,,1,9,2,,,,,1,1,,,,,,1,,,,,1,1,3,,,,
20210916,1,,,1,,1,,1,,,2,6,24,5,,,,,,,1,,3,,,,12,1,,,,,,,,,,,,2,,,,,,1,2,,,,
20210917,,,,,,,,3,,2,7,3,25,4,,,,,,,,1,5,1,,1,5,,,,,,,,,,1,,,1,,,,,,1,4,,,,
20210918,,,1,4,,,,1,1,,1,2,20,7,,,,,,,,,6,1,,,9,2,,,,,,,,,1,,,1,,,,2,,,4,,,,
20210919,,,,,,1,1,2,,,1,6,16,,,,,,,,,,3,3,,,3,2,1,,,1,,,,,,,,,,,,,,1,,,,,
20210920,1,,,,,,,,1,1,3,,4,,,,,,,,,3,3,,1,,1,,,,,,,,,,,,,,,,,,,1,4,,,,
20210921,,,1,,,,,,2,1,7,3,3,2,,,,,,,1,3,2,3,,1,4,3,,,,,,1,1,,,,,5,,,1,,,,3,,,,
20210922,,1,,2,,,,,,,3,6,16,7,,,,,,,,,4,,,1,9,1,1,,,,,1,,,,,,1,,,,1,,,,,,,
20210923,,1,,,,,,,,,4,2,18,6,,,,,,,,1,4,1,,,9,,,,,,,,,,,,,1,,,1,1,,,,,,,
20210924,,,,1,,,,,,,4,1,15,2,,1,,,,,,,5,,,1,2,1,1,,,,,3,,,,,,2,,,,,1,1,4,,,,
20210925,,,,,,,,1,2,,,2,8,5,,,,,,,1,,4,,,,4,,,,,,,,,,,,,2,,,1,2,1,,,,,,
20210926,,,,,,,,1,,,2,2,11,,,1,,,,,,,1,,,1,1,,,,,,,,,,,,,1,,,,,,,,,,,
20210927,1,,,,,,,1,,1,4,,11,2,1,,,,,,1,,,1,,2,1,1,,1,,,,,,,,,,,,,,,,,,,,,
20210928,,,,1,,,,,1,,4,1,8,6,,,1,,,,2,1,4,,,2,8,2,1,,,,,,,,,,,1,,,1,,,1,5,,,,
20210929,,,,,,,,,,1,1,2,17,3,1,,,,,1,1,,2,2,1,4,10,1,1,,,,,,,,,,,,,,,,,,,,,,
20210930,,,,,,,,,1,,1,5,12,3,,,,1,,,,,2,,,5,3,1,,1,,,,,,,,,,2,,,,,,,5,,,,
20211001,,1,,,,,,,,,3,1,14,3,,,,,,,1,1,1,,,2,1,,,,,1,,,,,,,,,,,,,,,5,,,,
20211002,,,,,,,,,1,,1,1,13,2,,,,,,,,,1,1,,,4,,,,,,1,,,,,,,1,,1,,,,,5,,,,
20211003,,,,,,,,1,,,,1,7,4,,,,,,,,,1,,,,,,,,,,,1,,,1,,,1,,,,,,,,,,,
20211004,,,,,,,,,,,2,,6,2,,1,,,,,,1,1,,1,1,1,,,,,,,1,,,,,,,,,,1,,,6,,,,
20211005,1,,,,,,,,,,,2,5,5,,,,,,,,2,2,,1,1,6,1,,,,,,,1,1,,,,2,,,,2,,,4,,,,
20211006,,2,,,,,,,,1,2,1,10,,,,,,,,1,,2,,,1,4,,,,,,,1,,,,,,1,,,,,,,,,,,
20211007,1,,,,,,,,,,,1,19,4,1,,,,,,,,1,,,1,5,,,,,,,,,,1,,,,,,,,,,5,,,,
20211008,,,1,,,,,1,,,2,,18,5,,,,,,,,,,,,2,13,,,,,,,,,,,,,,,,,,,,4,,,,
20211009,,,,,1,,,,,,,2,9,2,,,,,,,,,2,,,2,,,,1,,,,,,,,,,,,,,,,,5,,,,
20211010,,,,,,,,,,,,,7,,,,1,,,,,,,,,,2,,,,,,,,,,,,,,,,,,,,,,,,
20211011,,,,,,,,,,,,,6,,,,2,,,,,,2,,,,,2,,,,,,,1,,,1,,1,,1,,,,,4,,,,
20211012,,,,,,,1,,,1,3,3,10,1,,,1,,,,,,3,,,,2,1,,,,,,,,,,,,2,,,,,,,,,,,
20211013,,,,,,,,,,,1,,13,2,,,1,,,,,,1,,,2,8,,,,,,,,,,,,,,,,,,,,5,,,,
20211014,,,,1,,,,,,,3,1,12,4,,,,,,,,,,,,,3,,,,,,,,1,,,,,1,,,1,,,,6,,,,
20211015,,,,,,,,,,,,4,7,1,,,,,,,1,,,,,,2,,,,,,,,,,,,1,1,,,,,,,6,,,,
20211016,,,,,,,,,,,2,1,7,,,,,,,,,,,,,1,2,,,,,1,,,,,,,,,,,,,,,,,1,,
20211017,,,,,,,,,,1,2,,6,1,,,,,,,,,1,,,,1,,,,,,,,,,,,,,1,,,,,,,,,,
20211018,,,,,,,,1,,,,1,6,1,,,,,,,,,,,,,4,,,,,,,,,,,,,1,,,,,,,3,,,,
20211019,,,,,,,,,,1,2,3,13,1,,,,,,,,,2,,,,3,2,,,,,,,,,,,,,,,,,,,,,,,
20211020,,,,,,,,,,,1,,5,2,,,,,,,,,,,,,1,,,,,,,,,,,,,1,,,,,,,,,,,
20211021,,,,,,,,,,,1,1,2,2,,,,,,,,,,,,,6,,,,,,,,1,,,,,,,,,,,,3,,,,
20211022,1,,,,,,,,,,2,1,1,3,,,,,,,,,,,1,,2,,,,,,,1,,,,,,,,,,,,,,,,,
20211023,,,,,,,,,,,2,,1,1,,,,,,,,,,,,,1,,,,,,,,,,,,,,,,,,,,,,,,
20211024,,,,,,,,,,,3,,,,,,,,,,,,,,,,,,,,,,,1,,,,,,,,,,,,,4,,,,
20211025,,,,,,,,,,,1,,3,,,,,,,,,,,,,,1,1,,,,,,,,,,,,,,,,,,1,,,,,
20211026,,,,,,,,,,,1,1,5,,,1,,,,,,,1,,,,2,,,,,,,,,,,,,,,,,,,,4,,,,
20211027,,,,,,,,,,,2,,2,,,,,,,,1,,,,,,1,,,,,,,1,,,,,,,,,,,,,,,,,
20211028,,,,,,,,,,,1,,3,1,,,,,,,,,,,,,,,,,,,,,,,,,,,,,,,,,4,,,,
20211029,,,,,,,,,,,1,,12,1,,,,1,,,,,,,,,1,,,,,,,,,,,,,,,,,,,,,,,,
20211030,,,,,,,,,,,,1,5,,,,,,,,,,,,,1,,,,,,,,,,,,,,,,,,,,,,,,,
20211031,1,,,,,,,,,,3,,,,,,,,,,,,,,,,,,,,,,,,,,,,,,,,,,,,3,,,,
20211101,,,,,,,,,,,,,1,,,,,,,,,,,,,,2,,,,,,,,,,,,,,,,,,,,4,,,,
20211102,,,,,,,,,,,1,1,1,,,,,,,,,,,,,,,,,,,,,,,,,,,,,,,,,,4,,,,
20211103,,,,,,,,,,,,,3,,,,,,,1,,,,,,,,,,,,,,,,,,,,,,,,,,,4,,,,
20211104,1,,,,,,,,,,,,2,,,,,,,,,,,,,,,1,,,,,,,,,,,1,,,,,,,,1,,,,
20211105,,,,,,,,,,,1,1,1,2,,,,,,,,,,,,,6,,,,,,,,,,,,,1,,,,,,,,,,,
20211106,,,,,,,,,,,,,,1,,,,,,,,,,,1,,,,,,,,,,,,,,,,,,,,,,,,,,
20211107,,,,,,,,,,,,,,,,,,,,,,,,,,,,,,,,,,,,,,,,,,,,,,,,,,,
20211108,,,,,,,,,,,1,,1,,,,,,,,,,,,,,1,,,,,,,,,,,,,,,,,,,,,,,,
20211109,,,,,,,,,,,1,,1,,,,,,,,,,,,,,,,,,,,,,,,,,,,,,,,,,1,,,,
20211110,,,,,,,,1,,,,,,,,,,,,,,,1,,,,1,,,,,,,,,,,,,,,,,,,,,,,,
20211111,,,,,,,,,1,,1,,1,,,,,,,,,,,,,,1,,,,,,,,,,,,,,,,,,,,,,,,
20211112,,,,,,,,,,,,,,,,,,,,,,,,,,,,,,,,,,,,,,,,,,,,,,,1,,,,
20211113,,,,,,,,,,,1,,,,,,,,,,,,,,,,,,,,,,,,,,,,,,,,,,,,,,,,
20211114,,,,,,,,,,,2,,,,,,,,,,,,,,,,,,,,,,,,,,,,,,,,,,,,,,,,
20211115,,,,,,,,,,,,,,,,,,,,,,,1,,,,,,,,,,,,,,,,,,,,,,,,,,,,
20211116,,,,,,,,,,,1,,,1,,,,,,,,,,,,,2,,,,,,,,,,,,,,,,,,,,,,,,
20211117,,,,,,,,1,,,1,,2,,,,,,,,,,1,,,,,,,,,,,,,,,,,,,,,,,,,,,,
20211118,,,,,,,1,,,,,1,1,,,,,,,,,,,,,,2,,,,,,,,,,,,,,,,,,,,,,,,
20211119,,,,,,,,,,,,,,,,,,,,,,,,,,,,,,,,,,,,,,,,,,,,,,,,,,,
20211120,,,,,,,,,,,,,2,,,,,,,,,,,,,,2,,,,,,,,,1,,,,,,,,,,,,,,,
20211121,,,,,,,,,,,,,,,,,,,,,,,,,,,,,,,,,,,,,,,,,,,,,,,,,,,
20211122,,,,,,,,,,,,1,1,,,,,,,,,,,,,,,,,,,,,,,,,,,,,,,,,,,,,,
20211123,,,,,,,,,,,1,,,,,,,,,,,,,,,,,,,,,,,,,,,,,1,,,,,,,,,,,
20211124,,,,,,,,,,,,,,,,,,,,,,,1,,,,,,,,,,,,,,,,,1,,,,,,,,,,,
20211125,,,,,,,,,,,,,,1,,,,,,,,,1,,,,,,,,,,,,,,,,,,,,,,,,,,,,
20211126,,,,,,,,,,,,,,,,,,,,,,,,,,,2,,,,,,,,,,,,,,,,,,,,,,,,
20211127,,,,,,,,,,,1,,,,,,,,,,,,,,,,,,,,,,,,,,,,,,,,,,,,,,,,
20211128,,,,,,,,,,,,,,,,,,,,,,,,,,,,,,,,,,,,,,,,,,,,,,,,,,,
20211129,,,,,,,,,,,,,1,,,,,,,,,,,,,,,,,,,,,,,,,,,,,,,,,,,,,,
20211130,,,,,,,,,,,,,1,1,,,,,,,,,,,,,,,,,,,,,,,,,,,,,,,,,,,,,
20211201,,,,,,,,,,,,,1,,,,,,,,,,,,,,,,,,,,,,,,,,,,,,,,,,,,,,
20211202,,,,,,,,,,,,,,,,,,,,,,,,,,,,,,,,,,,,,,,,1,,,,,,,,,,,
20211203,,,,,,,,,,,,,1,,,,,,,,,,,,,,,,,,,,,,,,,,,,,,,,,,,,,,
20211204,,,,,,,,,,,,,,,,,,,,,,,,,,,,,,,,,,,,,,,,,,,,,,,,,,,
20211205,,,,,,,,,,,,,,,,,,,,,,,,,,,,,,,,,,,,,,,,,,,,,,,,,,,
20211206,,,,,,,,,,,1,,,,,,,,,,,,,,,,,,,,,,,,,,,,,,,,,,,,,,,,
20211207,,,,,,,,,,,1,,,,,,,,,,,,,,,,,1,,,,,,,,,,,,,,,,,,,,,,,
20211208,1,,,,,,,,,,,,1,1,,,,,,,,,,,,,,,,,,,,,,,,,,,,,,,,,,,,,
20211209,,,,,,,,,,,,,1,,,,,,,,,,,,,,,,,,,,,,,,,,,,,,,,,,,,,,
20211210,,,,,,,,,,,,,,,,,,,,,,,,,,,,1,,,,,,,,,,,,,,,,,,,,,,,
20211211,1,,,,,,,,,,,,,,,,,,,,,,,,,,,,,,,,,,,,,,,,,,,,,,,,,,
20211212,,,,,,,,,,,,,,,,,,,,,,,,,,,,,,,,,,,,,,,,,,,,,,,,,,,
20211213,,,,,,,,,,,,,1,,,,,,,,,,,,,,,,,,,,,,,,,,,,,,,,,,,,,,
20211214,,,,,,,,,,,,,1,,,,,,,,,,,,,,,,,,,,,,,,,,,,,,,,,,,,,,
20211215,,,,,,,,,,,,,,,,,,,,,,,,,,1,,,,,,,,,,,,,,,,,,,,,,,,,
20211216,,,,,,,,,,,,,,1,1,,,,,,1,,,,,,,,,,,,,,,,,,,,,,,,,,,,,,
20211217,,,,,,,,,,,,,,,,,,,,,,,,,,,,,,,,,,,,,,,,,,,,,,,,,,,
20211218,,,,,,,,,,,,,,,,,,,,,,,,,,,,,,,,,,,,,,,,,,,,,,,,,,,
20211219,,,,,,,,,,,,,,,,,,,,,,,,,,,,,,,,,,,,,,,,,,,,,,,,,,,
20211220,,,,,,,,,,,,,,1,,,,,,,,,,,,,,,,,,,,,,,,,,,,,,,,,,,,,
20211221,,,,,,,,,,,,,,1,,,1,,,,,,,,,,,,,,,,,,,,,,,,,,,,,,,,,,
20211222,,,,,,,,,,,,,1,1,,,,,,,,,,,,,,,,,,,,,,,,,,,,,,,,,,,,,
20211223,,,,,,,,,,,,,,,,,1,,,,,,,,,,,,,,,,,,,,,,,1,,,,,,,,,,,
20211224,,,,,,,,,,,,,,,,,,,,,,,,,,,,,,,,,,,,,,,,,,,,,,,,,,,
20211225,,,,,,,,,,,,,1,,,,,,,,,,,,,,,,,,,,,,,,,,,,,,,,,,,,,,
20211226,,,,,,,,,,,,,,,,,,,,,,,,,,,,,,,,,,,,,,,,,,,,,,,,,,,
20211227,,,,,,,,,,,,,,,,,,,,,,,,,,,,,,,,,,,,,,,,,,,,,,,,,,,
20211228,,,,,,,,,,,,,1,,,,1,,,,,,,,,,,,,,,,,,,,,,,,,,,,,,,,,,
20211229,1,,,,,,,,,,,,,,,,2,,,,,,,,,,,,,,,,,,,,,,,1,,,,,,,,,,,
20211230,,,,,,,,,,,,,,,,,,,,,,,,,,,,,,,,,,,,,,,,,,,,,,,,,,,
20211231,,,,,,,,,,,,,,,,,,,,,,,,,,,,,,,,,,,,,,,,,,,,,,,,,,,
20220101,,,,,,,,,,,,,,,,,,,,,,,,,,,,,,,,,,,,,,,,,,,,,,,,,,,
20220102,,,,,,,,,,,,,,,,,2,,,,,,,,,,,,,,,,,,,,,,,,,,,,,,,,,,
20220103,,,,,,,,,,1,,,,,,,,,,,,,,,,,,,,,,,,,,,,,,,,,,,,,,,,,
20220104,,,,,,,,,,,,,,,,,1,,,,,,,,,,,,,,,,,,,,,,,,,,,,,,,,,,
20220105,,,,,,,,,,,,,,,1,,,,,,,,,,,,,,,,,,,,,,,,,,,,,,,,,,,,
20220106,,,,,,,,,,,,,,,,,,,,,,,,,,,,,,,,,,1,,,,,,,,,,,,,,,,,
20220107,,,,,,,,,,1,,,,,,,,,,,,,,,,,,,,,,,,,,,,,,,,,,,,,,,,,
20220108,,,,,,,,,,,,,,,,,1,,,,,,,,,,1,,,,,,,,,,,,,,,,,,,,,,,,
20220109,,,,,,,,,,,,,,,,,,,,,,,,,,,1,,,,,,,,,,,,,,,,,,,,,,,,
20220110,1,,,,,,,,,,,,,,,,1,,,,,,,,,,,,,,,,,,,,,,,,,,,,,,,,,,
20220111,1,,,,,,,,,1,,,,,,,,,,,,,,,,,,,,,,,,,,,,,,,,,,,,,,,,,
20220112,,,,,,,,,1,,,,,,,,,,,,,1,,2,,,1,,,,,,,,,,,,,,,,,,,,,,,,
20220113,,,,,,,,,,,,1,1,,,,,,,,,,,,,,,,,,,,,2,,,,,,,,,,,,,,,,,
20220114,,1,,,,,,,,2,1,,1,1,,,,,,,,,2,,,,2,,,,,,,,,,,,,1,,,,,,,,,,,
20220115,,,,,,,,,,1,,,1,1,,,,,,,,,1,,,,,,,,,,,1,1,,,,,,,,,,,,,,,,
20220116,,,,,,,,,,,,,,,,,,,,,,,,,,,,,,,,,,,,,,,,,,,,,,,,,,,
20220117,,,,,,,,,,,,,1,,,,,,,,,,1,,,,,1,,,,,,1,,,,,,,,,,,,,,,,,
20220118,1,,,,,,,,1,,,,,1,,,,,,,,,,,1,,1,1,,,,,,2,,,,,,,,,2,,,,,,,,
20220119,1,,,,,,,,,,,,2,1,,,,,,,,,1,,,,2,1,2,,,,,3,,,,,,,2,,,,,,,,,,
20220120,,,,,,,,,,,,,,1,,,1,,,,1,,,1,,,1,1,1,,,,,,,,,,,1,,,1,,,,,,,,
20220121,,,,,,,,,1,1,1,1,,,,,,,,,,,1,,,,2,,,,,,,1,,,,,,,,1,,,,,,,,,
20220122,,,,,,,,,,,,2,3,4,,,,,,,,,1,1,,,2,,,,,,,1,1,,,,,1,,,,,,,1,,,,
20220123,,,,,,,,,,1,,2,,,,,,,,,,,2,,,,1,,,2,,,,3,,,,,,3,,,,,,,,,,,
20220124,1,,,,,,,,1,,,2,1,2,,,,,,,,,3,1,,2,1,1,,,,1,,,,,1,,,,,,,,,,,,,,
20220125,4,,,,,,,1,,,2,2,,3,,,,,1,,1,,4,1,,,10,2,1,,,,,3,,1,,2,1,1,1,,,,,2,,,,,
20220126,2,,,,,,,1,1,1,1,4,5,,,,,,,,1,,3,1,1,2,3,,,,,,,3,,,1,,,3,,,,,,1,,,,,
20220127,8,,,,,,,1,1,1,,3,3,1,,,1,,2,,,1,1,,,1,8,2,,,,,,6,,,,,1,2,,1,1,1,,1,,,,,
20220128,4,,,,,,,,,2,1,2,3,3,,,,,3,,,,2,1,,1,5,5,,,,,2,3,2,,,1,1,4,,,1,,,,,,,,
20220129,1,1,,,,,2,,,2,,1,3,3,,,,,,1,,,2,1,,,6,6,,,,,1,2,2,,1,,,2,,,1,,1,,,,,,
20220130,3,,,,,,,,1,,2,1,1,1,,,,,,,1,,2,,,,5,5,,2,,,,2,1,,,,,1,,,1,,1,1,,,,,
20220131,,1,,,,,,2,3,1,1,2,1,2,,,,,,,2,1,7,,,,4,3,,1,,,,8,,,,,1,7,,,1,,,,,,,,
20220201,,,,,,,,,,,,4,5,2,,,,,,,,,10,,,3,18,3,3,,,,,3,2,1,,1,,6,,2,3,,,1,3,,,,
20220202,2,,,,,,,1,1,2,,2,6,8,,,,,,1,2,2,8,1,2,2,19,9,2,,,,,3,1,,2,1,,1,,,1,,,,3,,,,
20220203,2,,,,,1,,,2,2,,6,4,4,,,2,,,2,,1,11,3,2,1,13,10,1,1,,,,3,1,,1,2,1,6,1,,4,1,2,,,,,,
20220204,16,,,,,,,,1,2,4,7,8,4,,,1,,2,,1,3,13,1,,3,4,7,1,1,,1,1,7,,,,1,,7,,,3,,2,2,,,,,
20220205,5,1,,,,1,,1,2,2,2,4,10,5,,,,,,4,1,6,10,4,1,2,23,8,,,,,3,3,,,1,2,1,6,,2,1,1,2,,2,,,,
20220206,5,,,3,,,,,1,4,1,2,5,7,,,,,1,1,,1,5,1,,2,5,6,,1,,,3,3,1,,1,,,1,1,1,3,,1,2,,,,,
20220207,9,,,,,,,3,,1,2,5,8,1,,,,,,,3,9,7,3,1,,16,8,2,1,,,1,4,2,1,1,2,1,4,1,1,2,,2,9,3,,,,
20220208,7,4,,,,,,3,,2,7,4,11,14,1,,1,,,5,1,2,9,6,,3,29,13,1,2,,,2,7,,2,1,,1,14,,1,3,,2,1,,,,,
20220209,12,,1,3,,,,1,,1,7,6,11,14,1,,,,,2,2,5,14,2,3,3,31,10,7,,,,1,5,,,,,1,6,1,1,4,1,1,2,3,,,,
20220210,9,,,,2,,2,3,2,2,6,6,13,8,,,2,,,,,5,12,2,,3,24,19,2,,,,4,6,,,2,4,,14,1,,2,2,3,2,2,,,,
20220211,11,,,,,,,,2,6,2,6,9,18,,1,,,,1,6,5,13,,2,3,27,7,5,1,,,3,2,1,,,,1,7,3,2,3,,2,1,,,,,
20220212,10,,1,1,,,2,2,,1,,5,7,5,,,2,,,,,7,13,2,,5,11,19,3,4,,,3,7,1,,2,1,3,13,3,2,2,,2,3,3,,,,
20220213,5,,,,,,,2,,3,2,8,12,4,,1,1,,,1,3,7,7,3,,3,26,15,3,3,,,4,6,2,,1,2,2,4,2,2,1,,2,,,,,,
20220214,17,2,,,,,,2,5,3,6,12,7,14,,1,1,,,6,1,,13,2,1,,9,13,3,1,,,3,3,,,2,,,11,,2,1,,1,3,3,,,,
20220215,5,2,,,,,,4,4,3,10,13,16,17,,1,3,,,2,1,5,28,3,,7,42,20,5,,,,3,14,,,1,3,3,11,1,1,4,,2,2,,,,,
20220216,14,2,,1,,1,,3,4,,5,14,21,15,,,,,,4,2,4,13,6,2,7,38,24,11,3,,,1,7,,,1,1,3,13,1,3,3,,3,,,,,,
20220217,12,1,,,2,1,,3,2,4,3,14,24,35,,1,1,,,2,1,3,24,2,,8,54,21,5,3,2,,4,2,1,,,,3,18,3,,4,2,2,3,,,,,
20220218,7,1,,2,,,,2,2,4,7,12,26,12,,,,,1,5,2,11,18,3,,5,39,14,2,1,1,,2,8,,,1,,3,15,,,1,2,1,1,,,,,
20220219,9,,,1,,1,,5,2,3,2,10,27,17,,,2,1,,,3,1,24,3,2,8,31,15,5,,,1,1,11,1,,,1,2,16,3,4,3,,2,1,1,,,,
20220220,11,,1,,,1,,4,3,,4,10,17,13,,,1,,,,1,2,8,,2,4,22,20,5,3,,,1,6,1,,2,,2,9,1,,1,,1,2,,,,,
20220221,11,,,,,1,,2,4,,2,16,30,4,,1,1,,,2,2,9,16,2,1,5,26,3,5,1,,,,,2,2,3,2,2,7,3,,2,,3,3,,,,,
20220222,14,,1,1,,,2,5,2,3,6,21,25,33,1,1,,,3,4,2,2,25,5,4,7,63,31,9,3,,,1,10,3,,1,2,3,13,1,3,6,,2,3,1,,,,
20220223,14,,1,4,,1,,,3,2,1,25,24,13,,,,,,,1,3,29,2,2,9,49,9,10,1,,,3,10,1,,2,1,2,14,1,1,4,,1,2,,,,,
20220224,13,2,,1,,,,2,3,1,5,14,14,10,2,,1,,,,5,6,28,4,,7,28,20,4,1,1,,,1,1,,3,1,1,9,,2,7,3,2,1,3,,,,
20220225,12,2,,3,1,,,5,3,2,9,16,23,29,,1,1,,1,2,2,11,28,3,2,8,47,14,8,2,,,3,3,2,,2,,3,20,,2,3,1,1,4,,,,,
20220226,10,,1,1,,1,,4,2,1,6,18,29,31,,2,2,,1,,3,7,19,,1,9,49,20,5,1,,,8,4,2,,1,,1,10,1,1,5,,1,,,,,,
20220227,2,2,,,,,,4,1,3,4,12,28,8,,,1,,,,1,3,13,1,,8,12,9,2,,,,6,4,1,1,2,,1,4,1,,5,2,,2,,,,,
20220228,11,1,,2,,,1,2,8,1,6,8,28,8,,1,2,,,5,3,3,30,4,,8,11,19,,,,,2,1,3,,4,2,,13,1,,2,1,4,3,,,,,
20220301,15,1,1,2,1,2,2,3,3,,7,8,32,23,,1,3,,2,,3,3,15,2,1,8,41,14,2,,,,,6,1,,,2,3,22,,,2,2,4,1,,,,,
20220302,8,2,,3,,,1,4,5,2,10,14,31,21,3,,1,,3,2,5,5,23,4,2,9,35,10,1,1,,,,4,,,1,1,1,16,1,,4,2,,3,,,,,
20220303,10,1,,,,1,,3,7,1,11,21,28,21,,3,2,,1,,,1,27,2,4,9,40,27,3,2,,,1,5,3,,,1,1,12,1,,2,,1,1,3,,,,
20220304,9,3,1,2,2,1,,5,4,3,8,18,27,14,2,,,,2,2,1,2,13,,5,9,46,11,14,,,,2,3,3,1,1,,,10,,,7,,1,1,,,,,
20220305,8,,1,2,,,,3,1,2,5,15,30,10,,,1,1,2,,3,,13,1,4,9,28,13,6,1,1,,1,3,1,,,1,,8,2,1,2,1,3,1,,,,,
20220306,7,3,,1,2,1,,4,,2,1,10,12,2,,,2,,,,2,1,8,1,2,8,29,6,2,,,,3,3,1,1,2,1,,10,,1,3,,,1,,,,,
20220307,6,,1,1,,,,5,2,,2,14,8,11,,1,1,,,5,1,1,10,3,2,8,9,6,7,1,,,,3,2,,3,,3,3,,,1,,,1,,,,,
20220308,9,,1,2,3,3,1,7,3,5,6,11,22,20,7,,,,2,,1,4,13,2,4,9,52,19,2,,,,2,4,4,,,1,3,14,,1,3,3,1,3,1,,,,
20220309,8,1,,2,,1,,7,2,,,13,28,19,,,,,1,,2,5,21,,1,9,44,18,4,,,,,5,3,,1,,1,10,1,,2,2,,2,,,,,
20220310,7,3,,1,,1,,4,6,1,7,21,30,12,,,2,,1,,1,6,11,1,2,7,26,19,3,,,,1,,1,,1,1,1,8,,,2,,2,,,,,,
20220311,7,,,,,,,4,3,3,1,14,26,26,5,1,,1,1,,1,,27,1,4,8,35,21,4,,,,1,,1,1,,,,2,1,1,,2,2,5,,,,,
20220312,9,,1,3,1,,,,3,1,10,15,14,6,,1,,,,,,2,13,2,,6,13,17,7,,,,1,4,,1,,1,1,4,2,1,,,2,,,,,,
20220313,3,1,1,3,,,,5,1,1,6,9,9,2,,,,,1,,,3,3,1,1,6,12,4,1,,,,1,1,2,,2,,1,,,1,,1,4,4,,,,,
20220314,5,,,,,,,4,,,8,8,17,8,,1,,,,2,3,1,7,,2,6,9,6,,1,1,,1,,2,,2,1,2,10,1,,3,3,1,1,,,,,
20220315,10,1,1,2,2,1,,3,,1,8,19,15,14,,,1,,1,,3,,8,,4,9,45,12,4,,,,2,1,,,4,,1,8,1,,1,2,,1,3,,,,
20220316,5,1,,,,,,1,1,3,9,9,21,13,,,,,,,1,1,14,1,4,10,36,3,2,,,1,1,2,3,,,1,1,8,1,,2,3,2,3,,,,,
20220317,7,2,2,1,,,,2,,,6,9,22,12,,,,,,,2,1,20,,3,10,39,10,7,,,,1,3,1,,1,,,2,,,2,,1,5,,,,,
20220318,2,,1,,,,,4,1,1,3,15,21,14,,,1,,,1,1,,17,,3,10,24,7,,,,,1,2,1,,2,,1,11,3,1,1,2,,1,4,,,,
20220319,2,,,1,,,,,1,,6,14,13,8,,,1,,,,,1,5,,1,8,33,2,,,,,,1,1,,1,,,3,,1,1,,,,,,,,
20220320,4,,,1,,1,,3,1,,2,8,8,3,,,,,,,1,,,1,,8,7,6,1,,,,,2,1,,1,,,3,,,1,,1,2,,,,,
20220321,2,1,1,1,1,,,2,3,,4,8,6,1,,,,,,1,,,5,,2,7,1,1,,,,,,1,,,1,1,,5,,,,2,,1,,,,,
20220322,4,,1,1,,,1,2,,2,9,2,4,4,2,,,,,,1,1,3,,,8,8,2,4,,,,,2,1,,1,,,,1,,,3,1,3,,,,,
20220323,1,1,3,,,,3,2,1,,12,5,14,10,,1,,,,,2,,6,,3,6,29,10,,,,,,2,,,,,,6,,,1,2,,1,1,,,,
20220324,6,,1,,1,1,,2,1,,10,11,16,5,,,2,,1,,,,8,,,6,26,10,,1,,,,1,1,,3,,,9,,,,3,1,,,,,,
20220325,4,,,1,,1,,4,,2,11,5,11,7,,1,,,,1,1,2,6,,,8,32,5,4,,,,,,,,,,,3,,,2,3,,1,,,,,
20220326,2,,1,,,,3,,,,9,7,18,9,,1,1,,,,,,9,,,9,15,7,2,,,1,,1,,1,1,1,1,1,1,,,,,,,,,,
20220327,1,,,1,,,,,4,1,8,5,9,6,,,,,,,1,,3,3,,5,6,,,1,,,,,,,1,,,3,,,2,,,1,,,,,
20220328,1,,,1,,,,2,1,,7,4,,9,,,,,,6,,,3,,,4,1,12,,,,,2,1,,,1,1,1,,1,,1,3,,3,,,,,
20220329,5,,,1,,,,2,2,,6,10,5,5,1,2,,,1,,,,5,,2,5,13,3,3,,1,,,1,1,,,1,1,3,,,,2,,,,,,,
20220330,4,,,,,,2,2,1,4,7,4,11,5,,,,,1,,2,1,6,,,5,23,3,,1,,,,,,,1,,1,4,7,,,,,,1,,,,
20220331,4,,,,1,,,,1,,11,,12,10,,1,,,,,,,5,,1,7,24,4,2,,,1,,,1,,2,,,10,1,,,2,,,2,,,,
20220401,3,1,,,,,,,1,,8,,9,,2,1,,,,,2,,1,,,2,34,9,,,1,,,,,,2,,,2,,,,,,,,,,,
20220402,,1,,,1,,1,3,2,2,1,3,4,6,,,1,1,,,,3,2,2,1,2,13,2,2,,,,,,,,,,,,,,1,,1,,,,,,
20220403,2,2,,,,,,,,2,,3,9,2,,1,1,,,,,,1,1,,,1,6,1,,,,,1,,,,,,1,,,,,,,,,,,
20220404,,,1,1,2,,,,1,2,,4,7,1,,1,,1,,,,1,4,,,,7,5,,,1,,,1,1,,,1,,1,,,1,,,1,,,,,
20220405,3,,,,,1,,,2,,,2,9,11,1,1,,1,,1,,,2,,2,2,16,3,1,,,,,,1,,,,,4,,,1,,,,,,,,
20220406,1,1,,1,,,,2,,1,3,4,6,8,,,,,,,1,2,2,1,2,1,15,5,1,,,,,,,,,,,7,1,,,,1,,,,,,
20220407,1,1,2,,,,,5,1,,4,3,6,6,,2,,,,,,2,1,3,,2,21,2,,,,,,,1,,,,,4,1,1,,,,,,,,,
20220408,4,,,,,,1,1,1,1,4,2,9,7,,2,,1,,,2,2,4,2,1,,17,4,1,,,,1,1,,,,,,,,,1,,,,,,,,
20220409,1,,,,,,,2,1,3,2,2,6,4,,,,,,,,,2,,2,3,15,1,,,,,,,,,1,1,,,2,,,1,,,,,,,
20220410,1,1,,,,,,3,,1,2,4,,5,,,,,,,1,1,1,,,1,11,,,,,,2,2,,,,,,2,,,,,1,,,,,,
20220411,4,1,,2,,1,,1,1,1,,1,2,1,,2,,,,,2,1,,1,1,1,2,3,1,,,,,,,,,2,,3,,,,,,,,,,,
20220412,2,1,,,,,,2,2,1,3,2,3,3,,1,,,,1,,,3,,,4,7,3,,1,,,,1,3,,,,,3,,,,1,,,,,,,
20220413,,2,1,,2,2,,4,1,2,4,5,5,10,,1,,,,,,1,2,3,,,11,4,1,,,,,1,,,2,,,2,1,,,,,,,,,,
20220414,4,,,1,,,,2,,1,,3,7,4,,1,,,,,,,,1,,1,11,6,,,,,1,1,,,,,,5,1,1,,,1,,,,,,
20220415,2,,,1,1,1,,2,1,1,1,6,7,4,,,,,,,,,2,1,4,2,7,5,2,,,,3,,,,,1,,5,1,,,1,1,,,,,,
20220416,4,,1,,,,1,2,,1,1,6,9,7,,,,,1,,,,1,,,,8,1,,,,,1,1,,,,,1,1,,,,,,1,1,,,,
20220417,1,,,,,,,1,1,1,,4,5,2,,,,,,,,,1,,,,5,1,,,,1,,,,,,,,3,,,,,,,,,,,
20220418,5,,1,2,,,,1,1,,1,2,3,,,,,,1,,,,2,,,,,1,,,,1,,1,1,,,,1,1,,,,1,,,1,,,,
20220419,1,,,,,1,,1,2,1,5,4,4,,,,1,,,,,2,4,1,,1,12,2,,,,1,,,1,,,,1,5,,1,,,,1,,,,,
20220420,4,,,,,,,1,1,,1,3,5,4,,,,,,,2,2,2,,,3,9,5,3,,,,,1,,,,,,3,,,,,1,,,,,,
20220421,3,,,1,,,,,,,1,2,8,5,,,,,,,1,3,2,,1,,9,5,3,1,,,1,,,,,,,1,,,1,,1,,2,,,,
20220422,1,,,,,,2,2,,1,1,5,9,,,,1,,,,,1,3,,5,4,6,3,2,,,,,,,,,,,2,1,1,,,,1,,,,,
20220423,2,1,,,,,3,,,,,4,4,5,,,1,,1,,,,,2,,2,2,1,,,,,,1,,,1,,,1,,,,1,1,1,,,,,
20220424,2,,,,,,,1,1,,,4,,,,,,,,,,,,1,,1,,,,,,,2,,1,,,,,1,,,,,1,,,,,,
20220425,2,,1,3,2,,,2,,,1,1,5,2,,,,,,5,,1,,,1,,,4,,,,,,1,,,1,,,2,,,,1,,2,2,,,,
20220426,4,2,1,,,1,3,2,,,4,1,3,3,,,1,,,4,,1,2,,2,,12,4,,,,,,3,,,2,1,,6,,,1,,1,1,,,,,
20220427,2,,,2,3,1,,,1,1,4,,6,3,,,,,,,1,2,3,1,,,16,2,,,,,1,,,,,,,4,1,,1,2,2,1,,,,,
20220428,2,,,,,,,2,,1,5,1,4,5,,1,,,,,,,1,,,,7,,,2,,,2,,,,,,,2,,,,3,1,,,,,,
20220429,1,,1,,,,3,2,,,3,2,5,4,,,1,,,,,1,1,,,,4,2,,1,,,3,,,,,,,6,,1,2,1,1,,,,,,
20220430,,,,,,,,,,,3,3,,,,,,,,,,,,,,3,1,1,,,,,,,,,,,,1,1,,,,,,,,,,
20220501,,1,,,,,2,,1,,2,2,6,,,1,1,,,,,,,,,1,2,1,3,,,1,,1,,1,,1,,2,4,,,,1,,,,,,
20220502,3,,,,,,,,,1,5,3,3,1,,,,,,,,,2,,,,2,3,1,,,,,1,,,,1,,,,1,2,,,1,,,,,
20220503,2,1,,,3,,2,2,,,3,,4,4,,,,,,3,,1,2,,,2,13,4,1,,,,,1,,,,,,3,2,,,,,2,,,,,
20220504,1,1,,2,,,,,,,5,,6,,,,,,,,,,1,,,,,,,2,,,,,,,,,,1,,,,,,1,,,,,
20220505,,1,,,2,,,,,,4,1,4,,,,,,,,,,1,,,,1,,,,,,,,,,,,,,,1,1,,1,1,,,,,
20220506,1,,,1,,,,,,,6,1,5,1,,,,,1,,,,,,,1,1,5,2,,,,1,,,,1,,1,5,,,,,1,1,1,,,,
20220507,,,,,,,,,,,5,2,6,3,,,,,,,,1,2,,,,2,1,,,,,,2,1,,,,1,,1,,,,1,,,,,,
20220508,2,,,,2,,,1,,,3,1,6,1,,,,,,,,,2,,,,,1,,,1,,,,,,1,,1,2,,,,1,,1,,,,,
20220509,6,,,,,2,,,,,5,,,1,,,,,,,,,4,,1,,,4,1,,,,,3,,,,,,5,,,,,1,,,,,,
20220510,2,,,,,,,,,,8,4,2,4,,,,,,5,,,1,,2,,4,1,4,,1,,2,2,,,,,,4,,1,1,,1,,2,,,,
20220511,1,,,1,,,,,,,7,2,5,5,,,,,,,,,2,,1,,8,2,3,,,,,,,,,,,,,,1,,,,3,,,,
20220512,1,,,1,,,,1,1,1,6,2,4,1,,,1,,,,,,,1,,,6,2,1,,,,,,,,1,,,1,,,,,1,,,,,,
20220513,5,,,,,,,3,1,,7,3,4,3,,,,,,,,,,1,,,3,,,,,,,2,,,,,1,2,,,,,,1,,,,,
20220514,2,,,,,1,,3,,3,4,,10,,,,,,,,,,1,,,,,1,1,,,,,,1,,,,,1,,,,,,,2,,,,
20220515,3,1,,,1,,,2,1,,3,,7,2,,1,,,,,,,1,,,,1,,,,,,,1,,,,,,,,,,,1,,,,,,
20220516,6,,,,,,,,1,,3,,4,1,,,,,,,2,,1,,,1,1,,,,,,2,,,,,1,1,,,,,2,,,,,,,
20220517,5,,,,,,,,,1,5,,9,6,,,,,,4,,,,,,1,,4,,,1,,,1,,,,,,1,,,,,,1,,,,,
20220518,7,,,,,,,1,,,8,1,7,1,,,,,,,,,3,10,,,8,1,,,,,,1,,,,1,1,,,,,,,,,,,,
20220519,,1,,1,,1,,,1,,6,1,5,1,,,1,,,,,,2,,2,1,7,2,2,,1,,,,,,,,,,,,,,1,,,,,,
20220520,3,1,,,1,,2,,,,9,3,7,3,,,,,,,1,2,1,,,,8,,,,,,,2,,,,,,1,,,,,,,,,,,
20220521,1,1,,1,,1,,,,1,3,,7,,,,,,,,1,,,,,2,6,,,,1,,2,,,,,,,1,,,,,,1,2,,,,
20220522,1,,,,,,,,,1,3,,6,1,,,,,,,1,,,,,,,1,,,,,,,,1,,,,1,,,1,,,1,,,,,
20220523,3,,,,,,,,,,4,4,6,,,,,,,,,,1,1,,1,2,1,,,,,,2,,,,,,3,,,,,,1,2,,,,
20220524,1,,1,,,,,1,1,,7,,5,7,,,,,,3,1,,4,,,,3,3,,,1,,,1,,,,,1,,,,,,1,1,,,,,
20220525,1,,,,,,2,1,,1,5,1,8,3,,,1,,,,,1,4,2,,1,5,2,,,,,,,,1,,,,2,,,,1,,1,,,,,
20220526,3,,2,,,1,,,,2,6,,10,3,,,,,,,1,1,6,,,,2,,1,,,,,,,,,,,2,,,1,,,1,,,,,
20220527,2,,,,1,1,,,,,5,,8,6,,,,,,,3,1,1,,,1,3,2,,,,,,1,1,,,,1,1,,,,,,,,,,,
20220528,3,,1,1,,,2,2,,,4,3,7,2,,,,,,,,,2,,,1,2,,,,,,,,,,,,1,2,,,,,,3,,,,,
20220529,1,,,,,,,,,,3,,4,,,,,,,,,,,,,1,4,,1,,,,,,,,1,,,,,,2,,1,1,,,,,
20220530,2,,,1,,,,,1,,5,,3,,,,,,,,2,,1,1,,,1,1,,,,,,1,,1,,,,2,,,1,,,,1,,,,
20220531,2,,1,,,,,1,,,4,,6,4,,,1,,,6,2,1,,,,1,5,1,,,,,,,,,2,,,,,,1,,,1,,,,,
20220601,2,,,1,1,,,,,1,5,1,5,1,,,,,,1,,1,4,,,,6,1,,,,,1,,,1,1,,,3,,,,,,,,,,,
20220602,,,,,,,,,,,6,,5,1,,,,,,,,,4,,,1,5,,,,,,,,,1,,,,1,,,,,,,,,,,
20220603,2,,,,,,,,,,4,1,4,2,,,,,,,1,2,,,,,5,,1,,,,,,1,,,,,3,,,1,1,,1,2,,,,
20220604,,,,,,,,,1,,2,1,5,1,,,,,,,,1,,1,,,8,,,,,,,,,,,,,1,1,,1,,,,,,,,
20220605,2,,,,,,1,,,1,1,,2,,,,,,,,1,,,1,,2,4,,,,,,,,,,,,,,,,,,1,,,,,,
20220606,,,1,,,,,,,,3,,,,,,,,,,1,1,2,2,,,5,,,,,,,2,,,,,,,,,,,1,2,4,,,,
20220607,2,,,,,,,,,,3,,1,2,,,,,,3,,1,3,,,1,6,,,,,,,1,1,,,,,1,,,,1,,,,,,,
20220608,1,,1,,,,,,,,3,,2,3,,,,,,,,,2,1,,,3,1,1,,,,,1,,,,,,1,,,1,,,,,,,,
20220609,2,,1,,2,,,,,,4,,4,2,,,,,,,,,1,,,1,2,1,,,,,,,,,1,1,,1,,,,,,,,,,,
20220610,,,,,,,,1,,,3,1,3,,,,,,,,,2,1,,,1,1,2,,,,,,,,,,,,,,,,,,2,4,,,,
20220611,2,,,,,,,,,,3,,2,1,,,,,,,,,1,,,2,2,,1,,,1,,,,,,,,,,,,,,,,,,,
20220612,1,,,,,,,,,,3,1,,,,,,,,,,,,,,1,3,,,,,,,,,,,,,,,,,,,,,,,,
20220613,1,,,,,,,1,,,,4,2,2,,,1,,,,,,1,,,1,1,1,,,,,,,,,,,,,,,1,1,,1,3,,,,
20220614,,3,1,,,1,,,,,,,6,1,,,,,,,,1,3,,1,2,1,1,,1,,,1,3,,,,,,1,,,1,,,1,,,,,
20220615,2,,1,,,,,,,,1,,3,,,1,,,,,2,1,2,,1,1,1,,,,,,1,,,,,,,,,,2,1,,,3,,,,
20220616,1,,,,,1,,,,,3,1,3,1,,,,,,,,,3,,,1,,2,1,,,,,1,,,,,,,,,1,,,1,,,,,
20220617,1,,,,,,,,,,4,,4,,,,,,,,,,,,,1,2,1,,,,,,,,,,,1,,,,,,,,4,,,,
20220618,5,1,,,,,,,,,3,,4,,,,,,,,,,,,,2,1,1,,,,,,,,,,,,,1,,,,1,1,,,,,
20220619,,,,,,,,,2,,,,4,1,,,,,,,,,,,,,1,2,,,,,,,,,,,,,,,,,,,,,,,
20220620,2,,,,,,,2,,,2,1,,1,,1,,,,,1,,,,,1,,,,,,,,,,,,,,,,,,,,,2,,,,
20220621,,,,,1,,,,,,,,,1,,,,,,,,,5,,,1,3,,1,,,,,,1,,,,1,,1,,,1,,1,,,,,
20220622,2,,,1,,,,1,,,3,,1,,,,,,,,,,,1,,1,,3,,,,,,,1,,,,,1,,,,,,,,,,,
20220623,2,1,,,,,2,,,,,1,1,2,,,,,,1,,,,,,1,3,,,,,,,,,,,,,1,,,,,,,,,,,
20220624,,,,,,,,,1,,2,2,2,1,,,,,,,,,,1,,2,,,1,,,,,,1,,,,,,,,,,,,2,,,,
20220625,,1,,,,,,,,,,,2,,,,,,,,,,,,,1,2,,,,,,,,,,,1,,,,,1,,1,,,,,,
20220626,,,,,,,1,,,1,,,1,,,,,,,,1,1,1,,,,3,,,,,,,,,,,1,,,,1,1,,,,,,,,
20220627,1,2,,,,,,,,,,3,,,,,,,,1,,,1,,1,1,,,,,,,,1,,,,,,2,,,,,,,,,,,
20220628,,,,,,,,,,,2,,2,4,,,,,,,,,,,,1,92,1,,,,,,,,,,,,2,,,,,,1,3,,,,