id,date,title,link,pre,resident
1,20200116,新型コロナウイルスに関連した肺炎の患者の発生について（1例目）,https://www.mhlw.go.jp/stf/newpage_08906.html,神奈川,日本
2,20200124,新型コロナウイルスに関連した肺炎の患者の発生について（2例目）,https://www.mhlw.go.jp/stf/newpage_09079.html,東京,中国
3,20200125,新型コロナウイルスに関連した肺炎の患者の発生について（3例目）,https://www.mhlw.go.jp/stf/newpage_09099.html,東京,中国
4,20200126,新型コロナウイルスに関連した肺炎の患者の発生について（4例目）,https://www.mhlw.go.jp/stf/newpage_09100.html,愛知,中国
5,20200128,新型コロナウイルスに関連した肺炎の患者の発生について（5例目）,https://www.mhlw.go.jp/stf/newpage_09154.html,愛知,中国
6,20200128,新型コロナウイルスに関連した肺炎の患者の発生について（6例目）,https://www.mhlw.go.jp/stf/newpage_09153.html,奈良,日本
7,20200128,新型コロナウイルスに関連した肺炎の患者の発生について（7例目）,https://www.mhlw.go.jp/stf/newpage_09158.html,北海道,中国
8,20200129,新型コロナウイルスに関連した肺炎の患者の発生について（8例目）,https://www.mhlw.go.jp/stf/newpage_09201.html,大阪,日本
9,20200130,新型コロナウイルスに関連した患者（９例目）及び無症状病原体保有者（＊）の発生について,https://www.mhlw.go.jp/stf/newpage_09205.html,チャーター便,-
10,20200130,新型コロナウイルスに関連した肺炎の患者の発生について（10例目）,https://www.mhlw.go.jp/stf/newpage_09236.html,三重,日本
11,20200130,新型コロナウイルスに関連した肺炎の患者の発生について（11例目）,https://www.mhlw.go.jp/stf/newpage_09237.html,東京,中国
12,20200130,新型コロナウイルスに関連した肺炎の患者の発生について（12例目）,https://www.mhlw.go.jp/stf/newpage_09239.html,京都,日本
13,20200131,新型コロナウイルスに関連した肺炎の患者の発生について（13例目）,https://www.mhlw.go.jp/stf/newpage_09271.html,千葉,日本
14,20200131,新型コロナウイルスに関連した無症状病原体保有者（＊）の発生について,https://www.mhlw.go.jp/stf/newpage_09273.html,チャーター便,-
15,20200201,新型コロナウイルスに関連した患者（14、15例目）及び無症状病原体保有者（＊）の発生について,https://www.mhlw.go.jp/stf/newpage_09278.html,チャーター便,-
16,20200204,新型コロナウイルスに関連した肺炎の患者の発生について（17例目）,https://www.mhlw.go.jp/stf/newpage_09310.html,千葉,中国
17,20200204,新型コロナウイルスに関連した肺炎の患者の発生について（18例目）,https://www.mhlw.go.jp/stf/newpage_09311.html,チャーター便,-
18,20200204,新型コロナウイルスに関連した肺炎の患者の発生について（19例目）,https://www.mhlw.go.jp/stf/newpage_09312.html,東京,中国
19,20200205,横浜港に寄港したクルーズ船内で確認された新型コロナウイルス感染症について,https://www.mhlw.go.jp/stf/newpage_09276.html,プリンセス号,-
20,20200205,新型コロナウイルスに関連した患者の発生について（20例目）,https://www.mhlw.go.jp/stf/newpage_09333.html,千葉,中国
21,20200205,新型コロナウイルスに関連した患者の発生について（21例目）,https://www.mhlw.go.jp/stf/newpage_09336.html,京都,日本
22,20200206,新型コロナウイルス感染症の現在の状況と厚生労働省の対応について（令和２年２月６日版）,https://www.mhlw.go.jp/stf/newpage_09360.html,プリンセス号,-
23,20200207,横浜港で検疫中のクルーズ船内で確認された新型コロナウイルス感染症について（第３報）,https://www.mhlw.go.jp/stf/newpage_09340.html,プリンセス号,-
24,20200207,新型コロナウイルス感染症の現在の状況と厚生労働省の対応について（令和２年２月７日版）,https://www.mhlw.go.jp/stf/newpage_09396.html,チャーター便,-
25,20200208,新型コロナウイルスに関連したチャーター便（第４便）に係る帰還邦人の検査結果について,https://www.mhlw.go.jp/stf/newpage_09399.html,チャーター便,-
26,20200208,横浜港に寄港したクルーズ船内で確認された新型コロナウイルス感染症について（第４報）,https://www.mhlw.go.jp/stf/newpage_09398.html,プリンセス号,-
27,20200209,横浜港で検疫中のクルーズ船内で確認された新型コロナウイルス感染症について（第５報）,https://www.mhlw.go.jp/stf/newpage_09405.html,プリンセス号,-
28,20200210,横浜港で検疫中のクルーズ船内で確認された新型コロナウイルス感染症について（第６報）,https://www.mhlw.go.jp/stf/newpage_09419.html,プリンセス号,-
29,20200211,新型コロナウイルスに関連した患者の発生について（24例目）,https://www.mhlw.go.jp/stf/newpage_09422.html,チャーター便,-
30,20200211,新型コロナウイルスに関連した患者の発生について（25例目）,https://www.mhlw.go.jp/stf/newpage_09423.html,チャーター便,-
31,20200212,新型コロナウイルス感染者について（情報提供）,https://www.mhlw.go.jp/stf/newpage_09424.html,プリンセス号-神奈川,検疫官
32,20200212,新型コロナウイルス感染症の現在の状況と厚生労働省の対応について（令和２年２月12日版）,https://www.mhlw.go.jp/stf/newpage_09450.html,プリンセス号,-
33,20200213,横浜港で検疫中のクルーズ船内で確認された新型コロナウイルス感染症について（第８報）,https://www.mhlw.go.jp/stf/newpage_09425.html,プリンセス号,-
34,20200213,新型コロナウイルスに関連した患者の発生について（27例目）,https://www.mhlw.go.jp/stf/newpage_09503.html,神奈川,日本
35,20200213,新型コロナウイルスに関連した患者の発生について（28例目）,https://www.mhlw.go.jp/stf/newpage_09504.html,東京,日本
36,20200213,新型コロナウイルスに関連した患者の発生について（29例目）,https://www.mhlw.go.jp/stf/newpage_09505.html,和歌山,日本
37,20200213,新型コロナウイルスに関連した患者の発生について（30例目）,https://www.mhlw.go.jp/stf/newpage_09506.html,千葉,日本
38,20200214,新型コロナウイルスに関連したチャーター便に係る帰還邦人の検査結果について,https://www.mhlw.go.jp/stf/newpage_09537.html,チャーター便,-
39,20200214,新型コロナウイルスに関連した患者の発生について,https://www.mhlw.go.jp/stf/newpage_09539.html,和歌山-沖縄-東京都-愛知-北海道,日本
40,20200214,新型コロナウイルスに関連した患者の発生について,https://www.mhlw.go.jp/stf/newpage_09541.html,プリンセス号-神奈川,救助隊
41,20200215,新型コロナウイルスに関連した患者（38、39、40例目）の発生について,https://www.mhlw.go.jp/stf/newpage_09543.html,和歌山,日本
42,20200215,新型コロナウイルスに関連した患者の発生について（東京都）,https://www.mhlw.go.jp/stf/newpage_09544.html,東京,日本
43,20200215,横浜港で検疫中のクルーズ船内で確認された新型コロナウイルス感染症について（第９報）,https://www.mhlw.go.jp/stf/newpage_09542.html,プリンセス号,-
44,20200215,新型コロナウイルスに関連した患者の発生（43例目）について,https://www.mhlw.go.jp/stf/newpage_09545.html,愛知,日本
45,20200216,横浜港で検疫中のクルーズ船内で確認された新型コロナウイルス感染症について（第１０報）,https://www.mhlw.go.jp/stf/newpage_09547.html,プリンセス号,-
46,20200216,新型コロナウイルスに関連した患者の発生について（東京都、愛知県）,https://www.mhlw.go.jp/stf/newpage_09548.html,東京-愛知,日本
47,20200217,新型コロナウイルス感染者について（情報提供）,https://www.mhlw.go.jp/stf/newpage_09558.html,プリンセス号-神奈川,職員
48,20200217,新型コロナウイルスに関連した患者の発生について（神奈川県、和歌山県、愛知県）,https://www.mhlw.go.jp/stf/newpage_09576.html,神奈川-和歌山-愛知,日本
49,20200217,横浜港で検疫中のクルーズ船内で確認された新型コロナウイルス感染症について（第１１報）,https://www.mhlw.go.jp/stf/newpage_09568.html,プリンセス号,-
50,20200218,横浜港で検疫中のクルーズ船内で確認された新型コロナウイルス感染症について（第１２報）,https://www.mhlw.go.jp/stf/newpage_09606.html,プリンセス号,-
51,20200218,新型コロナウイルスに関連した患者の発生について（54～59例目）,https://www.mhlw.go.jp/stf/newpage_09609.html,和歌山-東京-愛知,日本
52,20200218,横浜市のタクシー運転手男性が新たに感染 神奈川県 横浜市,https://www3.nhk.or.jp/news/html/20200218/k10012291101000.html,神奈川,日本
53,20200219,「市中感染」の可能性 北海道で３例目の新型ウイルス感染確認,https://www3.nhk.or.jp/news/html/20200219/k10012291671000.html,北海道,日本
54,20200219,相模原市で新たに2人感染 1人は死亡した80代女性と同じ病院の入院患者,https://headlines.yahoo.co.jp/hl?a=20200219-00010011-abema-soci,神奈川,日本
55,20200219,横浜港で検疫中のクルーズ船内で確認された新型コロナウイルス感染症について（第１３報）,https://www.mhlw.go.jp/stf/newpage_09640.html,プリンセス号,-
56,20200219,新型コロナウイルスに関連したチャーター便（第５便）に係る帰還邦人等の検査結果について,https://www.mhlw.go.jp/stf/newpage_09636.html,チャーター便,-
57,20200219,新型コロナウイルス北海道感染4人目,https://www.fukuishimbun.co.jp/articles/-/1032307,北海道,日本
58,20200219,沖縄 新型ウイルス感染 2人目の男性は重症の肺炎,https://www3.nhk.or.jp/news/html/20200219/k10012292401000.html,沖縄,日本
59,20200219,新型ウイルス 都内で新たに３人の感染確認,https://www3.nhk.or.jp/news/html/20200219/k10012292791000.html,東京,日本
60,20200219,新型肺炎、名古屋市の50代女性が感染　愛知県で8人目,https://www.asahi.com/articles/ASN2M71MMN2MOIPE02Z.html,愛知,日本
61,20200220,【速報】新型コロナ、福岡市の60代男性が感染　九州で初,https://headlines.yahoo.co.jp/hl?a=20200220-00010006-nishinpc-soci,福岡,日本
62,20200220,新型コロナウイルス感染者について（情報提供）,https://www.mhlw.go.jp/stf/newpage_09653.html,プリンセス号-神奈川,職員
63,20200220,さっぽろ雪まつり会場で感染か "新型コロナ"新たな感染者確認,https://headlines.yahoo.co.jp/hl?a=20200220-00000006-hokkaibunv-hok,北海道,日本
64,20200220,新型コロナ、沖縄で感染3人目,https://www.okinawatimes.co.jp/articles/-/537461,沖縄,日本
65,20200220,新型ウイルス 相模原の病院 新たに80代入院患者の感染判明,https://www3.nhk.or.jp/news/html/20200220/k10012294011000.html,神奈川,日本
66,20200220,千葉県で７０代女性の感染確認,https://www3.nhk.or.jp/lnews/chiba/20200220/1080009943.html,千葉,日本
67,20200220,新型ウイルス 名古屋で80代男性の感染確認 愛知で９例目,https://www3.nhk.or.jp/news/html/20200220/k10012294341000.html,愛知,日本
68,20200220,新型ウイルス クルーズ船 新たに13人感染確認,https://www3.nhk.or.jp/news/html/20200220/k10012294411000.html,プリンセス号,-
69,20200220,新型ウイルス 福岡県内で２人目の感染確認,https://www3.nhk.or.jp/news/html/20200220/k10012294541000.html,福岡,日本
70,20200220,新型ウイルス 横浜市で新たに１人感染確認,https://www3.nhk.or.jp/news/html/20200220/k10012294581000.html,神奈川,日本
71,20200221,新型コロナ 北海道内で新たに3人感染者確認 1人は10歳未満 午後から知事会見へ,https://headlines.yahoo.co.jp/hl?a=20200221-00000001-hokkaibunv-hok,北海道,日本
72,20200221,未就学の男の子が新型コロナウイルスに感染 埼玉県,https://headlines.yahoo.co.jp/hl?a=20200221-00010035-abema-soci,埼玉,日本
73,20200221,新型ウイルス 石川県で初の感染確認 県職員の50代男性,https://www3.nhk.or.jp/news/html/20200221/k10012296081000.html,石川,日本
74,20200221,新型ウイルス 警備員の60代男性感染 千葉では９人目,https://www3.nhk.or.jp/news/html/20200221/k10012296171000.html?utm_int=news_contents_news-main_004,千葉,日本
75,20200221,新型ウイルス 都内で新たに３人の感染確認,https://www3.nhk.or.jp/news/html/20200221/k10012296571000.html,東京,日本
76,20200221,新型ウイルス 名古屋で新たに２人の感染を確認,https://www3.nhk.or.jp/news/html/20200221/k10012296561000.html,愛知,日本
77,20200221,相模原で２人　新たに感染確認,https://www.kanaloco.jp/article/entry-278014.html,神奈川,日本
78,20200221,新型ウイルス 熊本市で1人感染確認 看護師の女性 熊本県内で初,https://www3.nhk.or.jp/news/html/20200221/k10012296691000.html,熊本,日本
79,20200221,新型ウイルス 横浜市で新たに１人感染確認,https://topics.smt.docomo.ne.jp/article/nhknews/nation/nhknews-10012294581_20200220,神奈川,日本
80,20200222,新型ウイルス 熊本県で感染確認３人に 60代男性も新たに確認,https://www3.nhk.or.jp/news/html/20200221/k10012296691000.html,熊本,日本
81,20200222,千葉市の中学校教員 新型ウイルスに感染確認 学校は休校へ,https://www3.nhk.or.jp/news/html/20200222/k10012297181000.html,千葉,日本
82,20200222,新型ウイルス 北海道で新たに８人の感染確認 計16人に,https://www3.nhk.or.jp/news/html/20200222/k10012297291000.html,北海道,日本
83,20200222,新型ウイルス 和歌山市で40代男性の感染確認,https://www3.nhk.or.jp/news/html/20200222/k10012297331000.html,和歌山,日本
84,20200222,都内で新たに１人感染　介護施設で働く男性,https://headlines.yahoo.co.jp/videonews/nnn?a=20200222-00000240-nnn-soci,東京,日本
85,20200222,新型コロナウイルス感染症患者の発生について(その2)(令和2年2月22日),https://www.pref.chiba.lg.jp/shippei/press/2019/ncov20200222-3.html,千葉,日本
86,20200222,北海道で1人追加"17例目の新型コロナ感染者" 北見市の50代男性会社員,https://www.fnn.jp/posts/2020022200000006UHB,北海道,日本
87,20200222,相模原で家族４人が新たに感染,https://www3.nhk.or.jp/lnews/yokohama/20200222/1050009208.html,神奈川,日本
88,20200222,栃木県で初の新型コロナ感染確認,https://this.kiji.is/603909573119100001?c=39550187727945729,栃木,日本
89,20200222,名古屋市で新たに男女4人が感染確認　新型コロナウイルス,https://www.nagoyatv.com/news/?id=215053,愛知,日本
90,20200222,新型コロナウイルス、石川県で10代男性感染,https://www.fukuishimbun.co.jp/articles/-/1034450,石川,日本
91,20200223,新型コロナ 札幌の70代男性の感染確認 北海道の感染者18人に,https://www3.nhk.or.jp/news/html/20200223/k10012297931000.html,北海道,日本
92,20200223,千葉県で新たに感染確認、広島と岐阜へ出張,https://this.kiji.is/604224367469020257,千葉,日本
93,20200223,名古屋で新たに７０代男女の感染確認,https://www.toonippo.co.jp/articles/-/317400,名古屋,日本
94,20200223,新型コロナ 北海道で新たに８人感染確認,https://www3.nhk.or.jp/news/html/20200223/k10012298401000.html,北海道,日本
95,20200223,新型コロナ クルーズ船乗客 ３人目の死亡 80代男性,https://www3.nhk.or.jp/news/html/20200223/k10012298351000.html,プリンセス号,-
96,20200223,新型コロナ クルーズ船で新たに57人感染確認,https://www3.nhk.or.jp/news/html/20200223/k10012298491000.html,プリンセス号,-
97,20200224,クルーズ船で対応の厚労省職員と検疫官が感染,https://news.tv-asahi.co.jp/news_society/articles/000177095.html,プリンセス号-神奈川,職員
98,20200224,コロナウイルス 北海道内で新たに４人が感染確認,https://www3.nhk.or.jp/news/html/20200224/k10012299161000.html,北海道,日本
99,20200224,神奈川県で新たに1人感染確認,https://this.kiji.is/604603323012678753,神奈川,日本
100,20200224,【速報】東京都内で新たに3人感染　都内の感染者32人に,https://www.fnn.jp/posts/00432696CX/202002241811_CX_CX,東京,日本
101,20200224,石川で新たに2人の感染を確認,https://this.kiji.is/604626295773070433,石川,日本
102,20200224,熊本県で4人目新型肺炎　 2例目の男性と接触,https://www.nishinippon.co.jp/item/n/586785/,熊本,日本
103,20200225,新型コロナウイルス クルーズ船乗船者で４人目の死者 80代,https://www3.nhk.or.jp/news/html/20200225/k10012299951000.html,プリンセス号,-
104,20200225,長野県で初の新型コロナ感染者　松本地域の60代男性,https://www.nikkei.com/article/DGXMZO56020020V20C20A2000000/,長野,日本
105,20200225,新型コロナ　熊本県で５人目の感染者,https://headlines.yahoo.co.jp/hl?a=20200225-00000006-rkkv-l43,熊本,日本
106,20200225,新型コロナ北海道で31人目、札幌市は7人目,https://www.nikkei.com/article/DGXMZO56034890V20C20A2L41000/,北海道,日本
107,20200225,北海道、教諭・主婦ら新たに４人感染,https://news.tbs.co.jp/newseye/tbs_newseye3913571.html,北海道,日本
108,20200225,名古屋で女性3人の感染確認,https://this.kiji.is/605015365189321825,愛知,日本
109,20200225,新型ウイルス 徳島県で初の感染確認 クルーズ船から戻った女性,https://www3.nhk.or.jp/news/html/20200225/k10012301341000.html,徳島,日本
110,20200226,新型コロナで函館市の高齢者死亡,https://this.kiji.is/605280482525873249,北海道,日本
111,20200226,北海道で新たに３人感染確認　１人死亡,http://www.news24.jp/articles/2020/02/26/07600881.html,北海道,日本
112,20200226,千葉で新たに３人が感染　ＤＰＡＴの一員も,http://www.news24.jp/articles/2020/02/26/07600897.html,千葉,日本
113,20200226,新型コロナウイルス 東京の80代男性が死亡 厚労省,https://www3.nhk.or.jp/news/html/20200226/k10012303061000.html,東京,日本
114,20200226,名古屋で新たに５人感染確認 新型コロナウイルス,https://www3.nhk.or.jp/news/html/20200226/k10012303071000.html,愛知,日本
115,20200226,新型コロナ、神奈川県内で新たに男性の感染確認,https://www.fukuishimbun.co.jp/articles/-/1036718,神奈川,日本
116,20200226,長野 50代女性１人の感染確認 夫が先に感染確認,https://www3.nhk.or.jp/news/html/20200226/k10012303151000.html,長野,日本
117,20200226,新型肺炎、県内初の感染確認　大垣の５０代男性、重症,https://www.gifu-np.co.jp/news/20200227/20200227-218735.html,岐阜,日本
118,20200226,クルーズ船 新たに14人感染確認 計705人に 新型コロナウイルス,https://www3.nhk.or.jp/news/html/20200226/k10012303111000.html,プリンセス号,-
119,20200227,新型コロナウイルス 石川県で新たに１人感染確認,https://www3.nhk.or.jp/news/html/20200227/k10012304211000.html,石川,日本
120,20200227,新型コロナウイルス 岐阜県で2人目の感染確認,https://www3.nhk.or.jp/news/html/20200227/k10012304381000.html,岐阜,日本
121,20200227,新型コロナウイルス 80代男性死亡 北海道 知内町,https://www3.nhk.or.jp/news/html/20200227/k10012304391000.html,北海道,日本
122,20200227,新型コロナ　神奈川県で５０代男性が感染,http://www.news24.jp/articles/2020/02/27/07601446.html,神奈川,日本
123,20200227,新型コロナウイルス２人の感染確認 札幌市,https://www3.nhk.or.jp/news/html/20200227/k10012304361000.html,北海道,日本
124,20200227,北海道で新たに13人感染確認 10歳未満も２人,https://www3.nhk.or.jp/news/html/20200227/k10012304601000.html,北海道,日本
125,20200227,相模原で新たに男女２人感染確認,https://www3.nhk.or.jp/lnews/yokohama/20200227/1050009257.html,神奈川,日本
126,20200227,新型コロナウイルス 名古屋で新たに２人の感染確認,https://www3.nhk.or.jp/news/html/20200227/k10012305001000.html,愛知,日本
127,20200227,新型コロナウイルス 横浜検疫所職員１人の感染確認,https://www3.nhk.or.jp/news/html/20200227/k10012305041000.html,プリンセス号-神奈川,日本
128,20200227,新型コロナウイルス 東京都内で新たに１人感染確認,https://www3.nhk.or.jp/news/html/20200227/k10012305101000.html,東京,日本
129,20200227,大阪府の４０代男性 感染確認,https://www3.nhk.or.jp/kansai-news/20200227/2000025820.html,大阪,日本
130,20200226,大阪の女性、退院後再び新型コロナ陽性　国内初,https://www.nikkei.com/article/DGXMZO56100960W0A220C2AC8000/,大阪,日本
131,20200225,新型コロナウイルス感染症の道内の発生状況,http://www.pref.hokkaido.lg.jp/hf/kth/kak/hasseijoukyou.htm,北海道,日本
132,20200228,和歌山県で新型コロナウイルスに感染した70代男性が死亡　西日本初,https://news.tv-asahi.co.jp/breaking_news/,和歌山,日本
133,20200228,北海道で新たに12人感染確認で66人に 新型ウイルス,https://www3.nhk.or.jp/news/html/20200228/k10012306581000.html,北海道,日本
134,20200228,神奈川県で70代女性の感染確認,https://this.kiji.is/606051687986824289,神奈川,日本
135,20200228,静岡県で感染初確認 クルーズ船の乗客 新型ウイルス,https://www3.nhk.or.jp/news/html/20200228/k10012306741000.html,静岡,日本
136,20200228,クルーズ船で2人死亡、新型肺炎,https://this.kiji.is/606115861898396769,プリンセス号,-
137,20200228,クルーズ船で作業した30代女性検疫官の感染を確認　検疫官は3人目　厚労省,https://news.tv-asahi.co.jp/breaking_news/,プリンセス号-神奈川,職員
138,20200228,新型ウイルス 大阪市の40代女性と未就学女児の感染確認,https://www3.nhk.or.jp/news/html/20200228/k10012307151000.html,大阪,日本
139,20200228,感染判明者ら13人と仏へ出張…新型コロナ 石川で6人目の感染者 繊維メーカー50代男性会社員,https://headlines.yahoo.co.jp/hl?a=20200228-00002050-ishikawa-l17,石川,日本
140,20200228,名古屋で60代の男性１人の感染確認 新型コロナウイルス,https://www3.nhk.or.jp/news/html/20200228/k10012306991000.html,愛知,日本
141,20200229,新型コロナ　仙台市で1人感染確認　東北地方で初,https://news.tv-asahi.co.jp/news_society/articles/000177592.html,宮城,日本
142,20200229,高知で初めての新型ウイルス感染確認 30代看護師,https://www3.nhk.or.jp/news/html/20200229/k10012307741000.html,高知,日本
143,20200229,新潟市で新型コロナウイルス感染確認,https://this.kiji.is/606296952132699233,新潟,日本
144,20200229,新型コロナ「緊急事態宣言」から一夜… また北海道で新たな感染確認 胆振地方の90代女性 67人目に,https://headlines.yahoo.co.jp/hl?a=20200229-00000001-hokkaibunv-hok,北海道,日本
145,20200229,札幌市で３人感染 道内７０人に,https://www.nhk.or.jp/sapporo-news/20200229/7000018514.html,北海道,日本
146,20200229,都内で20代看護師女性が新型コロナ感染　死亡した80代男性患者との濃厚接触者,https://news.tv-asahi.co.jp/breaking_news/,東京,日本
147,20200229,新型ウイルス 名古屋の70代女性新たに感染確認 愛知で計29人,https://www3.nhk.or.jp/news/html/20200229/k10012308141000.html,愛知,日本
148,20200301,70代男性が死亡 北海道釧路地方 新型コロナウイルス,https://www3.nhk.or.jp/news/html/20200301/k10012308441000.html,北海道,日本
149,20200301,北海道 新たに男女２人の感染確認 計72人に,https://www3.nhk.or.jp/news/html/20200301/k10012308541000.html,北海道,日本
150,20200301,東京 新たに男女２人感染 計39人に 新型コロナウイルス,https://www3.nhk.or.jp/news/html/20200301/k10012308711000.html,東京,日本
151,20200301,神奈川で新たに1人感染確認,https://this.kiji.is/606795028670792801,神奈川,日本
152,20200301,20代学生の男性 新たに感染確認 千葉 船橋 新型ウイルス,https://www3.nhk.or.jp/news/html/20200301/k10012308741000.html,千葉,日本
153,20200301,相模原市で新たに2人に新型コロナ感染確認,https://this.kiji.is/606737421353436257,神奈川,日本
154,20200301,愛知 新たに３人の感染確認 新型コロナウイルス,https://www3.nhk.or.jp/news/html/20200301/k10012308871000.html,愛知,日本
155,20200301,高知で2人目の感染確認、女性看護師の母親,https://rd.kyodo-d.info/np/2020030101001963,高知,日本
156,20200301,兵庫 西宮 男性１人感染確認 兵庫県内で初 新型コロナウイルス,https://www3.nhk.or.jp/news/html/20200301/k10012308971000.html,兵庫,日本
157,20200301,新型コロナウイルス、福岡県北九州市のタクシー運転手が感染,https://www.fukuishimbun.co.jp/articles/-/1039420,福岡,日本
158,20200302,愛媛 愛南町の40代女性感染確認 愛媛県内で初 新型ウイルス,https://www3.nhk.or.jp/news/html/20200302/k10012309261000.html,愛媛,日本
159,20200302,新型コロナウイルス 北海道で新たに５人の感染確認,https://www3.nhk.or.jp/news/html/20200302/k10012309791000.html,北海道,日本
160,20200302,新型肺炎　新潟県で２人目感染確認　郵便局に勤務,https://www.sankei.com/life/news/200302/lif2003020044-n1.html,新潟,日本
161,20200302,【速報】福祉施設で5人感染　相模原市 先週職員が感染,https://www.fnn.jp/posts/00433093CX/202003021719_CX_CX,神奈川,日本
162,20200302,新型コロナ、大阪府で新たに2人の感染確認,https://this.kiji.is/607170057726690401,大阪,日本
163,20200302,高知県で新たに1人の感染確認、計3人に,https://this.kiji.is/607170066981438561,高知,日本
164,20200302,新潟 新たに３人陽性 県内の感染確認は５人に,https://www3.nhk.or.jp/news/html/20200302/k10012310391000.html,新潟,日本
165,20200302,クルーズ船 新たに乗員１人の感染確認,https://www3.nhk.or.jp/news/html/20200302/k10012310461000.html,プリンセス号,-
166,20200303,新型コロナウイルス、神戸市の40代男性が感染,https://www.fukuishimbun.co.jp/articles/-/1040468,兵庫,日本
167,20200303,新型コロナウイルス 大分県で初の感染者を確認 30代女性１人,https://www3.nhk.or.jp/news/html/20200303/k10012311521000.html,大分,日本
168,20200303,新型コロナウイルス 札幌市で新たに２人の感染確認,https://www3.nhk.or.jp/news/html/20200303/k10012311701000.html,北海道,日本
169,20200303,横浜市で新たに２０代女性の新型コロナウイルス感染を確認,https://news.tbs.co.jp/newseye/tbs_newseye3920415.html,神奈川,日本
170,20200303,都内で新たに50代女性の感染を確認 新型コロナウイルス,https://www3.nhk.or.jp/news/html/20200303/k10012312141000.html,東京,日本
171,20200303,大阪 新たに２人の感染 1人はライブハウスのコンサートに参加,https://www3.nhk.or.jp/news/html/20200304/k10012312491000.html,大阪,日本
172,20200303,京都で新たな感染者　ライブハウス関連か　新型コロナ３例目,https://www.kyoto-np.co.jp/articles/-/176118,京都,日本
173,20200303,神戸女性も感染 ライブハウスに,https://www3.nhk.or.jp/lnews/kobe/20200303/2020006548.html,兵庫,日本
174,20200303,新たに5人の新型コロナウイルス感染を発表　名古屋市,https://www.nagoyatv.com/news/?id=215701,愛知,日本
175,20200303,愛知 新たに男女４人がウイルス感染 県内感染者は41人に,https://www3.nhk.or.jp/news/html/20200303/k10012312471000.html,愛知,日本
176,20200304,新型ウイルス 山口県で40代男性感染 中国地方で初,https://www3.nhk.or.jp/news/html/20200304/k10012312871000.html,山口,日本
177,20200304,北海道で新たに３人感染確認 道内で82人に,https://www3.nhk.or.jp/news/html/20200304/k10012313311000.html,北海道,日本
178,20200304,京都で50代女性の感染確認 府内で４人目,https://www3.nhk.or.jp/news/html/20200304/k10012313321000.html,京都,日本
179,20200304,千葉県 80代女性の感染確認 市川のスポーツクラブ利用は５人目,https://www3.nhk.or.jp/news/html/20200304/k10012313551000.html,千葉,日本
180,20200304,高知県で小学生含む４人の感染確認 県内で７人に,https://www3.nhk.or.jp/news/html/20200304/k10012313691000.html,高知,日本
181,20200304,新型コロナウイルス 都内で新たに４人感染 計44人に,https://www3.nhk.or.jp/news/html/20200304/k10012313881000.html,東京,日本
182,20200304,松山の３０代女性感染、愛媛で２人目　新型コロナウイルス,https://www.47news.jp/localnews/4581777.html,愛媛,日本
183,20200304,名古屋で新たに６人の感染確認 計47人に 新型コロナウイルス,https://www3.nhk.or.jp/news/html/20200304/k10012313941000.html,愛知,日本
184,20200304,５０代男性の感染確認 ５人目,https://www3.nhk.or.jp/lnews/kyoto/20200304/2010005931.html,京都,日本
185,20200304,宮崎県で初の感染者を確認 70代男性１人 新型コロナウイルス,https://www3.nhk.or.jp/news/html/20200304/k10012313961000.html,宮崎,日本
186,20200304,大阪府内で新たに９人の感染を確認 新型コロナウイルス,https://www3.nhk.or.jp/news/html/20200304/k10012313981000.html,大阪,日本
187,20200304,空港検疫で初の感染者確認 ベトナムから帰国男性 中部国際空港,https://www3.nhk.or.jp/news/html/20200304/k10012313921000.html,空港,検疫
188,20200304,愛知県で新たに２人の感染を確認 計49人に 新型コロナウイルス,https://www3.nhk.or.jp/news/html/20200304/k10012314001000.html,愛知,日本
189,20200304,熊本県で40代女性が新型コロナウイルス感染、６人目,https://www.fukuishimbun.co.jp/articles/-/1041463,熊本,日本
190,20200305,滋賀県で初の感染確認 60代男性 新型コロナウイルス,https://www3.nhk.or.jp/news/html/20200305/k10012314571000.html,滋賀,日本
191,20200305,札幌で新たに１人感染確認 北海道の感染者83人 新型ウイルス,https://www3.nhk.or.jp/news/html/20200305/k10012315031000.html,北海道,日本
192,20200305,新潟で新たに１人感染 先に感染確認の男性の母親,https://www3.nhk.or.jp/news/html/20200305/k10012315121000.html,新潟,日本
193,20200305,京都 新たに１人の感染確認 長岡京の実家に帰省中,https://www3.nhk.or.jp/news/html/20200305/k10012315231000.html,京都,日本
194,20200305,山口で新たに２人感染確認 感染した男性の妻子,https://www3.nhk.or.jp/news/html/20200305/k10012315601000.html,山口,日本
195,20200305,横浜 新たな感染確認 60代男性会社員 新型コロナウイルス,https://www3.nhk.or.jp/news/html/20200305/k10012315641000.html,神奈川,日本
196,20200305,東京 足立区で幼いきょうだい２人感染確認 新型ウイルス,https://www3.nhk.or.jp/news/html/20200305/k10012315721000.html,東京,日本
197,20200305,兵庫 50代女性の感染確認 大阪のライブハウス訪問,https://www3.nhk.or.jp/news/html/20200305/k10012315671000.html,兵庫,日本
198,20200305,新型コロナウイルス感染症による新たな患者の確認について（19・20 例目）,https://www.mhlw.go.jp/content/10906000/000604591.pdf,神奈川,日本
199,20200305,大阪 大東の40代男性感染確認 ライブハウス訪問 新型ウイルス,https://www3.nhk.or.jp/news/html/20200305/k10012315951000.html,大阪,日本
200,20200305,都内で新たに８人感染確認 都内で52人に,https://www3.nhk.or.jp/news/html/20200305/k10012316011000.html,東京,日本
201,20200305,埼玉で50代警察官ら２人が感染確認 新型コロナウイルス,https://www3.nhk.or.jp/news/html/20200305/k10012316061000.html,埼玉,日本
202,20200305,和歌山県で女性１人感染確認 大阪のライブハウスに,https://www3.nhk.or.jp/news/html/20200305/k10012316081000.html,和歌山,日本
203,20200305,愛知で新たに１人感染確認 フランスから帰国 県内50人に,https://www3.nhk.or.jp/news/html/20200305/k10012316091000.html,愛知,日本
204,20200305,名古屋で新たに７人感染確認 愛知県内で57人に 新型ウイルス,https://www3.nhk.or.jp/news/html/20200305/k10012316101000.html,愛知,日本
205,20200305,クルーズ船乗客 新たに８人の感染判明 新型コロナウイルス,https://www3.nhk.or.jp/news/html/20200305/k10012316121000.html,プリンセス号,-
206,20200305,栃木で30代女性の感染確認 ライブハウス訪問の知人と立ち話,https://www3.nhk.or.jp/news/html/20200305/k10012316191000.html,栃木,日本
207,20200306,高知県で新たに60代男性の感染を確認 計８人に,https://www3.nhk.or.jp/news/html/20200306/k10012317321000.html,高知,日本
208,20200306,長野県内で3人目の『新型コロナ』感染者　50代女性　大阪のライブハウスでイベント参加,https://www.fnn.jp/posts/3972NBS/202003061322_NBS_NBS,長野,日本
209,20200306,札幌市で新たに３人感染確認,https://www3.nhk.or.jp/sapporo-news/20200306/7000018780.html,北海道,日本
210,20200306,２０代の男性医師の感染を確認　相模原,https://www.kanaloco.jp/article/entry-290770.html,神奈川,日本
211,20200306,北海道 新たに７人の感染者を確認 計90人に 新型ウイルス,https://www3.nhk.or.jp/news/html/20200306/k10012317541000.html,北海道,日本
212,20200306,奈良市で３人の感染確認 ライブハウス１人 クルーズ船２人,https://www3.nhk.or.jp/news/html/20200306/k10012317871000.html,奈良,日本
213,20200306,新型コロナウイルス 福祉関係者ら２人の感染確認 千葉 市川,https://www3.nhk.or.jp/news/html/20200306/k10012317881000.html,千葉,日本
214,20200306,姫路４０代男性感染 ライブ参加,https://www3.nhk.or.jp/kansai-news/20200306/2000026165.html,兵庫,日本
215,20200306,新型コロナ 兵庫と京都と奈良で新たな感染,http://www.news24.jp/articles/2020/03/06/07605349.html,京都,日本
216,20200306,新型コロナウイルス、秋田県で初の感染確認,https://www.fukuishimbun.co.jp/articles/-/1042891,秋田,日本
217,20200306,埼玉県さいたま市の40代女性が新型コロナウイルスに感染,https://www.fukuishimbun.co.jp/articles/-/1042879,埼玉,日本
218,20200306,兵庫県の男女3人が新型コロナウイルス感染,https://www.fukuishimbun.co.jp/articles/-/1042883,兵庫,日本
219,20200306,高知で80代の男性感染確認 県内９人に,https://www3.nhk.or.jp/news/html/20200306/k10012318081000.html,高知,日本
220,20200306,新型コロナ　神奈川で新たな感染者,https://www.youtube.com/watch?v=GyPmD_Lg0xU,神奈川,日本
221,20200306,東京都内で新たに６人感染確認 計58人に 新型コロナウイルス,https://www3.nhk.or.jp/news/html/20200306/k10012318111000.html,東京,日本
222,20200306,新型コロナウイルス、山梨県で初の感染確認,https://www.fukuishimbun.co.jp/articles/-/1042923,山梨,日本
223,20200306,新型コロナウイルス 埼玉で３人感染確認 県内６人に,https://www3.nhk.or.jp/news/html/20200306/k10012318191000.html,埼玉,日本
224,20200306,名古屋で新たに５人感染確認 県内62人に,https://www3.nhk.or.jp/news/html/20200306/k10012318171000.html,愛知,日本
225,20200306,新型コロナウイルス感染症患者（19例目から31例目）の発生について,http://www.pref.osaka.lg.jp/hodo/index.php?site=fumin&pageId=37645,大阪,日本
226,20200306,新型コロナウイルス、横浜市で新たに７０代の男性が感染,https://headlines.yahoo.co.jp/hl?a=20200306-00000026-kana-l14,神奈川,日本
227,20200306,秋田県内で感染確認２人目　北海道居住の女児,https://www.sakigake.jp/news/article/20200306AK0035/,秋田,日本
228,20200305,横浜港で検疫中のクルーズ船の乗客・乗員に係る新型コロナウイルス感染症ＰＣＲ検査結果について,https://www.mhlw.go.jp/stf/newpage_09997.html,乗員,日本
229,20200307,広島市で1人の感染確認 広島県内で初めて,https://www3.nhk.or.jp/news/html/20200307/k10012318741000.html,広島,日本
230,20200307,北海道 新たに２人の感染確認 計92人に 新型コロナウイルス,https://www3.nhk.or.jp/news/html/20200307/k10012319001000.html,北海道,日本
231,20200307,群馬県で初の感染確認 新型コロナウイルス,https://www3.nhk.or.jp/news/html/20200307/k10012319031000.html,群馬,日本
232,20200307,千葉県 保育士ら新たに４人の感染確認,https://www3.nhk.or.jp/news/html/20200307/k10012319111000.html,千葉,日本
233,20200307,北海道で新たに8人感染確認　道内の患者は98人に,https://www.asahi.com/articles/ASN375RPTN37IIPE00C.html,北海道,日本
234,20200307,県内の感染確認１０人に,https://www3.nhk.or.jp/lnews/kochi/20200307/8010007648.html,高知,日本
235,20200307,東京都 新たに６人の感染確認 計64人に,https://www3.nhk.or.jp/news/html/20200307/k10012319201000.html,東京,日本
236,20200307,福島県で初の感染確認 クルーズ船下船の乗客,https://www3.nhk.or.jp/news/html/20200307/k10012319181000.html,福島,日本
237,20200307,神奈川県で新たに１人感染 80代男性 重症,https://www3.nhk.or.jp/news/html/20200307/k10012319131000.html,神奈川,日本
238,20200307,京都府 新たに介護職の女性感染 大阪のライブ参加,https://www3.nhk.or.jp/news/html/20200307/k10012319191000.html,京都,日本
239,20200307,兵庫県西宮市で新たに２人感染,https://www.iwate-np.co.jp/article/kyodo/2020/3/7/439456,兵庫,日本
240,20200307,大阪府で新たに男女10人の新型コロナウイルス感染確認,https://www.fukuishimbun.co.jp/articles/-/1043546,大阪,日本
241,20200307,クルーズ船の外国籍男性１人が死亡…乗船者の死亡７人目,https://www.yomiuri.co.jp/national/20200307-OYT1T50228/,プリンセス号,-
242,20200307,名古屋で新たに５人感染確認 愛知県内で67人に,https://www3.nhk.or.jp/news/html/20200307/k10012319391000.html,名古屋,日本
243,20200307,名古屋市と県内２か所で新たに７人感染確認 愛知県内で69人に,https://www3.nhk.or.jp/news/html/20200307/k10012319391000.html,名古屋,日本
244,20200307,山梨 県内で２例目の感染確認 20代男性が重症,https://www3.nhk.or.jp/news/html/20200307/k10012319411000.html,山梨,日本
245,20200308,名古屋で死亡の高齢男性 新型コロナウイルスの感染確認,https://www3.nhk.or.jp/news/html/20200308/k10012319631000.html,名古屋,日本
246,20200308,兵庫・姫路の看護師が感染　発熱後に勤務、県内１１人目,https://www.nnn.co.jp/knews/200308/20200308028.html,兵庫,日本
247,20200308,北海道で新たに３人感染確認 道内の感染者101人に,https://www3.nhk.or.jp/news/html/20200308/k10012319961000.html,北海道,日本
248,20200308,高知県 新たに２人の感染確認 合計12人に,https://www3.nhk.or.jp/news/html/20200308/k10012320001000.html,高知,日本
249,20200308,兵庫 伊丹の男性が感染 県内の感染者12人に,https://www3.nhk.or.jp/news/html/20200308/k10012320181000.html,兵庫,日本
250,20200308,新型コロナウイルス 埼玉で新たに40代男性の感染確認,https://www3.nhk.or.jp/news/html/20200308/k10012320191000.html,埼玉,日本
251,20200308,名古屋で新たに10人感染　愛知県内の感染者計80人に,https://www.asahi.com/articles/ASN386WV1N38OIPE01M.html,愛知,日本
252,20200308,大阪 新たに14人感染確認 10人はライブハウス訪れる,https://www3.nhk.or.jp/news/html/20200308/k10012320241000.html,大阪,日本
253,20200309,奈良で新たに親子２人感染確認 新型コロナウイルス,https://www3.nhk.or.jp/news/html/20200309/k10012320771000.html,奈良,日本
254,20200309,新潟市で新型コロナ、保育園職員ら2人感染,https://www.fukuishimbun.co.jp/articles/-/1044330,新潟,日本
255,20200309,新型コロナウイルス感染症患者の発生について（3例目）第2報,https://www.city.kobe.lg.jp/a57337/kenko/co3.html,兵庫,日本
256,20200309,京都で新たに３人感染確認 新型コロナウイルス,https://www3.nhk.or.jp/news/html/20200309/k10012321121000.html,京都,日本
257,20200309,北海道で新たに２人の感染確認 計108人に,https://www3.nhk.or.jp/news/html/20200309/k10012321261000.html,北海道,日本
258,20200309,新型コロナ、神奈川県の患者が死亡,https://www.fukuishimbun.co.jp/articles/-/1044362,神奈川,日本
259,20200309,新たに5人の感染確認 札幌市会見,https://www3.nhk.or.jp/news/realtime/rt0001926.html,北海道,日本
260,20200309,石川で新たに70代男性感染確認 新型コロナウイルス,https://www3.nhk.or.jp/news/html/20200309/k10012321331000.html,石川,日本
261,20200309,【速報】都内で新型コロナウイルスに感染していた90代男性が死亡,https://www.fnn.jp/posts/00433522CX/202003091726_CX_CX,東京,日本
262,20200309,千葉県の40代男性の感染を確認,https://headlines.yahoo.co.jp/hl?a=20200309-00000106-kyodonews-soci,千葉,日本
263,20200309,京都で新たに感染確認 保育士の30代女性 大阪のライブハウスに,https://www3.nhk.or.jp/news/html/20200309/k10012321471000.html,京都,日本
264,20200309,奈良で40代女性感染確認 大阪ライブハウス訪問 新型ウイルス,https://www3.nhk.or.jp/news/html/20200309/k10012321891000.html,奈良,日本
265,20200309,丹波市の３０代男性が新型コロナ感染　県内１４人目,https://www.kobe-np.co.jp/news/sougou/202003/0013179906.shtml,兵庫,日本
266,20200309,名古屋で新たに５人感染確認 愛知県内 計85人に 新型ウイルス,https://www3.nhk.or.jp/news/html/20200309/k10012321961000.html,愛知,日本
267,20200309,新型コロナウイルスに感染した患者の発生状況,https://web.pref.hyogo.lg.jp/kk03/corona_hasseijyokyo.html,兵庫,日本
268,20200309,愛知 新たに６人感染確認 県内計86人に 新型コロナウイルス,https://www3.nhk.or.jp/news/html/20200309/k10012321961000.html,愛知,日本
269,20200310,新型コロナウイルスに感染した患者の発生状況,https://web.pref.hyogo.lg.jp/kk03/corona_hasseijyokyo.html,兵庫,日本
270,20200310,新潟市で市内８〜１０例目（県内９〜１１例目）のコロナウイルス感染者が発生,https://www.niikei.jp/31615/,新潟,日本
271,20200310,京都府内で新たに70代女性１人感染確認 新型コロナウイルス,https://www3.nhk.or.jp/news/html/20200310/k10012323521000.html,京都,日本
272,20200310,相模原で80代男性死亡 新型コロナウイルス感染,https://www3.nhk.or.jp/news/html/20200310/k10012323431000.html,神奈川,日本
273,20200310,札幌で新たに３人感染確認 新型コロナウイルス,https://www3.nhk.or.jp/news/html/20200310/k10012323411000.html,北海道,日本
274,20200310,兵庫 伊丹 デイケア施設介護士と利用者感染確認 新型ウイルス,https://www3.nhk.or.jp/news/html/20200310/k10012323391000.html,兵庫,日本
275,20200310,市川の介護事業所　６人目の感染,https://www3.nhk.or.jp/lnews/chiba/20200310/1080010138.html,千葉,日本
276,20200310,埼玉県内で新たに５人感染,https://www3.nhk.or.jp/lnews/saitama/20200310/1100007844.html,埼玉,日本
277,20200310,東京都内の男女３人が新型コロナ感染、１人重症,https://www.fukuishimbun.co.jp/articles/-/1045187,東京,日本
278,20200310,兵庫県西宮市の男性介護士が新型コロナ感染,https://www.fukuishimbun.co.jp/articles/-/1045189,兵庫,日本
279,20200310,神奈川県内で20代男女２人感染確認 新型コロナウイルス,https://www3.nhk.or.jp/news/html/20200310/k10012323971000.html,神奈川,日本
280,20200310,大阪府・新たに18人が新型コロナウイルスに感染 ライブ参加者ら,https://headlines.yahoo.co.jp/hl?a=20200310-00010008-wordleaf-soci,大阪,日本
281,20200310,名古屋市で新たに１０人、新型コロナ感染を確認,https://news.goo.ne.jp/article/yomiuri/nation/20200310-567-OYT1T50330.html,愛知,日本
282,20200310,新型コロナ　１０日、兵庫県内で新たに計８人の感染確認,https://article.auone.jp/detail/1/2/2/169_2_r_20200310_1583844692398735,兵庫,日本
283,20200310,静岡県で２人目の新型コロナウイルス感染確認,https://www.fukuishimbun.co.jp/articles/-/1045249,静岡,日本
284,20200310,伊賀保健所管内で初感染者　新型コロナウイルス,https://www.iga-younet.co.jp/2020/03/10/23877/,三重,日本
285,20200310,名古屋市 ２人の死亡を新たに確認 新型コロナウイルス,https://www3.nhk.or.jp/news/html/20200310/k10012324191000.html,愛知,日本
286,20200311,兵庫 姫路 70代男性の感染確認 病院の入院患者,https://www3.nhk.or.jp/news/html/20200311/k10012324681000.html,兵庫,日本
287,20200311,兵庫 尼崎 介護職の40代女性 感染確認 新型コロナウイルス,https://www3.nhk.or.jp/news/html/20200311/k10012325121000.html,兵庫,日本
288,20200311,札幌で新たに４人感染確認 新型コロナウイルス,https://www3.nhk.or.jp/news/html/20200311/k10012325401000.html,北海道,日本
289,20200311,北海道で新たに３人感染確認 計118人に 新型コロナウイルス,https://www3.nhk.or.jp/news/html/20200311/k10012325601000.html,北海道,日本
290,20200311,兵庫県姫路市で新たに1人が新型コロナウイルス感染,https://www.fukuishimbun.co.jp/articles/-/1045743,兵庫,日本
291,20200311,千葉県松戸市の夫婦が新型コロナウイルス感染,https://www.fukuishimbun.co.jp/articles/-/1045795,千葉,日本
292,20200311,京都市右京区役所のアルバイト職員が感染,http://www.news24.jp/articles/2020/03/11/07607645.html,京都,日本
293,20200311,新型ウイルス、横浜で１人の感染を確認　スポーツジム利用,http://topics.smt.docomo.ne.jp/article/kanagawa/region/kanagawa-118786720,神奈川,日本
294,20200311,兵庫県神戸市のこども園職員ら4人が新型コロナウイルス感染,https://www.fukuishimbun.co.jp/articles/-/1045833,兵庫,日本
295,20200311,【速報】東京で新たに6人感染　新型コロナウイルス,https://www.fnn.jp/posts/00433667CX/202003111747_CX_CX,東京,日本
296,20200311,埼玉で新たに２人の感染を確認 新型ウイルス,https://www3.nhk.or.jp/news/html/20200311/k10012326061000.html,埼玉,日本
297,20200311,新たに１人感染 県内８人目,https://www3.nhk.or.jp/lnews/nara/20200311/2050003984.html,奈良,日本
298,20200311,名古屋で80代男性死亡 愛知県内感染者は102人に 新型ウイルス,https://www3.nhk.or.jp/news/html/20200311/k10012326341000.html,愛知,日本
299,20200311,神奈川県で新たに２人の感染確認,https://www3.nhk.or.jp/shutoken-news/20200311/1000045342.html,神奈川,日本
300,20200311,愛知・岡崎市で２人が新型コロナ感染　市が発表,https://www.chunichi.co.jp/s/article/2020031190210957.html,愛知,日本
301,20200311,保育所内で感染か、園児が新型コロナ陽性　感染確認の保育士が勤務、京都,https://www.kyoto-np.co.jp/articles/-/183895,京都,日本
302,20200311,大阪で新たに７人感染確認 新型コロナウイルス,https://www3.nhk.or.jp/news/html/20200311/k10012326431000.html,大阪,日本
303,20200311,新型コロナウイルス関連　兵庫県が会見,https://www.youtube.com/watch?v=PHx6sQJfRHE,兵庫,日本
304,20200311,三重県で５人感染確認 新型コロナウイルス,https://www3.nhk.or.jp/news/html/20200311/k10012326541000.html,三重,日本
305,20200311,愛知 死亡は５人に 感染確認は104人 新型ウイルス,https://www3.nhk.or.jp/news/html/20200311/k10012326581000.html,愛知,日本
306,20200312,兵庫 姫路の病院で女性患者４人の感染確認 新型コロナウイルス,https://www3.nhk.or.jp/news/html/20200312/k10012327101000.html,兵庫,日本
307,20200312,愛知県で感染者１人が死亡 死者は６人に 新型コロナウイルス,https://www3.nhk.or.jp/news/html/20200312/k10012327521000.html,愛知,日本
308,20200312,新潟市で乳幼児１人含む３人感染確認 新型コロナウイルス,https://www3.nhk.or.jp/news/html/20200312/k10012327611000.html,新潟,日本
309,20200312,新型コロナ　名古屋で１人、札幌で１人死亡,http://www.news24.jp/articles/2020/03/12/07608183.html,北海道,日本
310,20200312,北海道で新たに男性1人感染,http://sthis.kiji.is/610719967270012001,北海道,日本
311,20200312,【速報】千葉で50代保育士ら2人が新型コロナウイルス感染　神奈川でも2人感染,https://www.fnn.jp/posts/00433729CX/202003121706_CX_CX,千葉-神奈川,日本
312,20200312,【速報】感染の保育士の濃厚接触者も　群馬で新たに2人感染者,https://www.fnn.jp/posts/00433732CX/202003121745_CX_CX,群馬,日本
313,20200312,【速報】新型コロナ　札幌で新たに9人の感染を確認　北海道,https://headlines.yahoo.co.jp/hl?a=20200312-00000011-hbcv-hok,北海道,日本
314,20200312,「ウイルスばらまいてやる」と飲食店訪れた50代男性と“濃厚接触”…30代女性の新型コロナ感染が判明,https://headlines.yahoo.co.jp/hl?a=20200312-00027243-tokaiv-soci,愛知,日本
315,20200312,東京都内で新たに２人感染…７５人に,http://www.news24.jp/articles/2020/03/12/07608285.html,東京,日本
316,20200312,さいたま市で新たに２人感染確認,https://www3.nhk.or.jp/lnews/saitama/20200312/1100007857.html,埼玉,日本
317,20200312,【速報】神戸で４０代会社員の男性が新型コロナ感染,http://topics.smt.docomo.ne.jp/article/abcnews/region/abcnews-5419,兵庫,日本
318,20200312,クルーズ船乗員再検査　１人の陽性確認,http://www.news24.jp/articles/2020/03/12/07608321.html,プリンセス号,-
319,20200312,埼玉 県内で新たに４人の感染確認 新型コロナウイルス,https://www3.nhk.or.jp/news/html/20200312/k10012328491000.html,埼玉,日本
320,20200312,川崎市で初 男性の感染確認,https://www3.nhk.or.jp/lnews/yokohama/20200312/1050009378.html,神奈川,日本
321,20200312,大阪で新たに９人の感染確認 新型コロナウイルス,https://www3.nhk.or.jp/news/html/20200312/k10012328571000.html,大阪,日本
322,20200312,京都府 病院内の理髪店60代店主の感染確認 新型コロナウイルス,https://www3.nhk.or.jp/news/html/20200312/k10012328531000.html,京都,日本
323,20200312,兵庫県で新たに４人の感染確認,https://www3.nhk.or.jp/kansai-news/20200312/2000026444.html,兵庫,日本
324,20200312,愛知県で新たに１人感染確認 愛知県では計106人に,https://www3.nhk.or.jp/news/html/20200312/k10012328641000.html,愛知,日本
325,20200312,静岡県内３人目の感染確認　静岡市の６０代女性、新型コロナ,https://www.at-s.com/news/article/health/shizuoka/746002.html,静岡,日本
326,20200312,京都市で1人の感染確認 11日に感染確認された園児の保護者,https://www3.nhk.or.jp/news/html/20200312/k10012328591000.html,京都,日本
327,20200312,名古屋市で３人死亡 愛知県内の死者は８人に 感染確認111人に,https://www3.nhk.or.jp/news/html/20200312/k10012328691000.html,愛知,日本
328,20200313,札幌で新たに５人の感染を確認 北海道内の感染者は計133人に,https://www3.nhk.or.jp/news/html/20200313/k10012329851000.html,北海道,日本
329,20200313,北海道 新たに３人の感染を確認 計136人に,https://www3.nhk.or.jp/news/html/20200313/k10012329911000.html,北海道,日本
330,20200313,千葉県で新たに2人の感染確認,https://this.kiji.is/611104736605832289,千葉,日本
331,20200313,新たに１人 感染確認 埼玉 川口,https://www3.nhk.or.jp/news/html/20200313/k10012330151000.html,埼玉,日本
332,20200313,東京都 新たに２人の感染確認 都内では計77人に,https://www3.nhk.or.jp/news/html/20200313/k10012330191000.html,東京,日本
333,20200313,神奈川県で新たに1人感染,https://this.kiji.is/611125751445455969,神奈川,日本
334,20200313,新たに６人感染確認 神戸市会見,https://www3.nhk.or.jp/news/realtime/rt0001989.html,兵庫,日本
335,20200313,イタリアから羽田に帰国男性の感染確認,https://this.kiji.is/611128010780984417,東京,検疫
336,20200313,埼玉県草加市の30代男性が感染,https://this.kiji.is/611143872882525281,埼玉,日本
337,20200313,佐賀県で初の感染確認 20代の男子学生 新型コロナウイルス,https://www3.nhk.or.jp/news/html/20200313/k10012330541000.html,佐賀,日本
338,20200313,大阪府 新たに男女３人の感染確認 計92人に,https://www3.nhk.or.jp/news/html/20200313/k10012330551000.html,大阪,日本
339,20200313,名古屋 ２人死亡 新たに２人感染も 新型コロナウイルス,https://www3.nhk.or.jp/news/html/20200313/k10012330601000.html,愛知,日本
340,20200313,新たに４人感染確認 兵庫県会見,https://www3.nhk.or.jp/news/realtime/rt0001990.html,兵庫,日本
341,20200313,札幌で１人感染 道内１３７人に,https://www3.nhk.or.jp/sapporo-news/20200313/7000019111.html,北海道,日本
342,20200313,愛知県　死者１０人、感染者１１４人に　新型コロナウイルス,https://www2.ctv.co.jp/news/2020/03/13/84543/,愛知,日本
343,20200314,長崎県で初の感染確認 30代男性 新型コロナウイルス,https://www3.nhk.or.jp/news/html/20200314/k10012331201000.html,長崎,日本
344,20200314,埼玉・越谷市、新たに５人の感染確認,https://news.tbs.co.jp/newseye/tbs_newseye3929358.html,埼玉,日本
345,20200313,自衛隊幹部が新型コロナ感染　自衛隊員は初,http://www.news24.jp/articles/2020/03/13/04609102.html,東京,検疫
346,20200314,【速報】長野で新たな感染者　新型コロナ、２０代女性,https://www.chunichi.co.jp/s/article/2020031490120845.html,長野,日本
347,20200314,新型コロナウイルス　新潟市で新たに2人の感染を確認,https://www.ohbsn.com/news/detail/kennai20200314_13147942.php,新潟,日本
348,20200314,札幌市で新たに５人感染確認,https://www3.nhk.or.jp/sapporo-news/20200314/7000019119.html,北海道,日本
349,20200314,千葉県で新たに2人感染確認,https://rd.kyodo-d.info/np/2020031401001642,千葉,日本
350,20200314,群馬県で70代夫婦の感染確認,https://this.kiji.is/611462057305162849,群馬,日本
351,20200314,福島県で新たに１人の感染確認,https://www3.nhk.or.jp/news/html/20200314/k10012331561000.html,福島,日本
352,20200314,兵庫で新たに1人感染,https://rd.kyodo-d.info/np/2020031401001981,兵庫,日本
353,20200314,埼玉県で新たに男女2人感染,https://rd.kyodo-d.info/np/2020031401001989,埼玉,日本
354,20200314,東京都で新たに10人の感染確認 計87人に,https://www3.nhk.or.jp/news/html/20200314/k10012331691000.html,東京,日本
355,20200314,新型コロナウイルスに関連した患者の発生について,https://www.mhlw.go.jp/stf/newpage_10200.html,東京,検疫
356,20200314,兵庫で新たに10人感染,https://this.kiji.is/611537304374740065,兵庫,日本
357,20200314,大阪で新たに10人の感染確認,https://this.kiji.is/611547526426739809,大阪,日本
358,20200314,名古屋で感染の高齢女性死亡,https://this.kiji.is/611549846161343585,名古屋,日本
359,20200314,札幌市で新たに2人感染,https://this.kiji.is/611551175792493665,北海道,日本
360,20200314,三重でクルーズ船乗客の感染確認、2回目,https://rd.kyodo-d.info/np/2020031401002254,三重,日本
361,20200315,北海道 新たに４人感染確認 10歳未満の男の子も 新型ウイルス,https://www3.nhk.or.jp/news/html/20200315/k10012332511000.html,北海道,日本
362,20200315,和歌山市で10代女性の感染確認,https://this.kiji.is/611814022417728609,和歌山,日本
363,20200315,名古屋 高齢の感染者が死亡 新型コロナウイルス,https://www3.nhk.or.jp/news/html/20200315/k10012332631000.html,愛知,日本
364,20200315,神奈川 相模原 新たに４人の感染確認 新型コロナウイルス,https://www3.nhk.or.jp/news/html/20200315/k10012332701000.html,神奈川,日本
365,20200315,神戸で新たに男女４人感染　兵庫県内、計７１人に　新型コロナ,https://www.kobe-np.co.jp/news/sougou/202003/0013195585.shtml,兵庫,日本
366,20200315,札幌で80代の女性１人の死亡確認 新型コロナウイルス,https://www3.nhk.or.jp/news/html/20200315/k10012332681000.html,北海道,日本
367,20200315,東京で新たに３人確認 合計90人に 新型コロナウイルス,https://www3.nhk.or.jp/news/html/20200315/k10012332771000.html,東京,日本
368,20200315,兵庫県で新たに７人感染 合計78人 新型コロナウイルス,https://www3.nhk.or.jp/news/html/20200315/k10012332781000.html,兵庫,日本
369,20200315,神奈川 鎌倉のスーパー勤務男性が感染確認 新型コロナウイルス,https://www3.nhk.or.jp/news/html/20200315/k10012332791000.html,神奈川,日本
370,20200315,神奈川 横須賀 エジプト帰りの看護師 感染確認 新型ウイルス,https://www3.nhk.or.jp/news/html/20200315/k10012332801000.html,神奈川,日本
371,20200315,大阪で新たに４人感染確認 合計106人 新型コロナウイルス,https://www3.nhk.or.jp/news/html/20200315/k10012332821000.html,大阪,日本
372,20200315,新型コロナウイルス感染症の現在の状況について（３月15日12時時点版）,https://www.mhlw.go.jp/stf/newpage_10204.html,プリンセス号,-
373,20200315,滋賀県 50代男性感染確認 県内2人目 新型コロナウイルス,https://www3.nhk.or.jp/news/html/20200315/k10012332861000.html,滋賀,日本
374,20200315,新型コロナウイルスに関連した患者の発生について,https://www.mhlw.go.jp/stf/newpage_10205.html,東京,検疫
375,20200316,新たに１人の感染確認 福祉施設の女性職員 新潟,https://www3.nhk.or.jp/news/html/20200316/k10012333661000.html,新潟,日本
376,20200316,新型コロナウイルス 北海道で80代男性死亡 道内で6人に,https://www3.nhk.or.jp/news/html/20200316/k10012333851000.html,北海道,日本
377,20200316,札幌市で新たに３人感染確認 北海道の感染者152人に,https://www3.nhk.or.jp/news/html/20200316/k10012333961000.html,北海道,日本
378,20200316,５０代女性の感染確認　大泉町の診療所職員,http://www.news24.jp/articles/2020/03/16/07610239.html,群馬,日本
379,20200316,神戸で４０代男性感染確認,https://www3.nhk.or.jp/lnews/kobe/20200316/2020006790.html,兵庫,日本
380,20200316,新型コロナウイルス 50代女性１人感染確認 滋賀 東近江,https://www3.nhk.or.jp/news/html/20200316/k10012334201000.html,滋賀,日本
381,20200316,名古屋で２人死亡 70代と80代の男性 新型コロナウイルス,https://www3.nhk.or.jp/news/html/20200316/k10012334341000.html,愛知,日本
382,20200316,大阪府 新たに２人感染確認 母親と就学前男児 感染者108人に,https://www3.nhk.or.jp/news/html/20200316/k10012334391000.html,大阪,日本
383,20200316,兵庫 80代男性死亡 死者２人に 新型コロナウイルス,https://www3.nhk.or.jp/news/html/20200316/k10012334401000.html,兵庫,日本
384,20200316,【速報】愛知の一宮で新型コロナ感染確認　フィリピン滞在の男性１人,https://chuplus.jp/news/article/detail.php?comment_id=726844&comment_sub_id=0&category_id=22&index_flg=1,愛知,日本
385,20200316,新潟市立山潟保育園で新たに２名の職員が新型コロナで陽性,https://www.niikei.jp/32358/,新潟,日本
386,20200317,茨城県で初めて感染確認,https://rd.kyodo-d.info/np/2020031701002229,茨城,日本
387,20200317,新潟市2人の感染者いずれも濃厚接触者,http://www.ohbsn.com/news/detail/kennai20200317_13161286.php,新潟,日本
388,20200317,香川県で初の感染確認 丸亀の50代男性 新型コロナウイルス,https://www3.nhk.or.jp/news/html/20200317/k10012335661000.html,香川,日本
389,20200317,神奈川・相模原市で新型コロナに感染の80代男性が死亡　国内の死者は36人に,https://news.tv-asahi.co.jp/breaking_news/,神奈川,日本
390,20200317,都内で新たに１２人感染　東京１００人超に,http://www.news24.jp/articles/2020/03/17/07610731.html,東京,日本
391,20200317,宮崎県、新たに男性2人の感染確認,https://this.kiji.is/612557559831282785,宮崎,日本
392,20200317,群馬県で新たに４人の感染確認,https://www3.nhk.or.jp/shutoken-news/20200317/1000045627.html,群馬,日本
393,20200317,滋賀 大津で20代女性感染確認 新型コロナウイルス,https://www3.nhk.or.jp/news/html/20200317/k10012336061000.html,滋賀,日本
394,20200317,神戸市などの３人感染確認 兵庫県内85人に 新型コロナウイルス,https://www3.nhk.or.jp/news/html/20200317/k10012336211000.html,兵庫,日本
395,20200317,横浜市で新たに３人の感染確認,https://www3.nhk.or.jp/shutoken-news/20200317/1000045631.html,神奈川,日本
396,20200317,さいたま市 新たに１人感染確認,https://www3.nhk.or.jp/lnews/saitama/20200317/1100007895.html,埼玉,日本
397,20200317,【速報】新型コロナ、福岡市で3人目,https://headlines.yahoo.co.jp/hl?a=20200317-00010011-nishinpc-soci,福岡,日本
398,20200317,名古屋の30代男性感染確認 愛知県内124人に 新型ウイルス,https://www3.nhk.or.jp/news/html/20200317/k10012336351000.html,愛知,日本
399,20200317,兵庫県で新たに1人感染,https://rd.kyodo-d.info/np/2020031701002987,兵庫,日本
400,20200317,埼玉で5人の感染確認,https://this.kiji.is/612598882906113121,埼玉,日本
401,20200317,大阪府で新たに男女４人、新型コロナウイルス感染,https://www.fukuishimbun.co.jp/articles/-/1049629,大阪,日本
402,20200317,愛知で新たに１人の感染を確認 県内で125人目,https://www3.nhk.or.jp/news/html/20200317/k10012336571000.html,愛知,日本
403,20200317,ナイル川クルーズ参加女性らコロナ感染　京都で新たに2人確認,https://www.kyoto-np.co.jp/articles/-/189477,京都,日本
404,20200318,愛媛県で新たに１人感染確認 県内で計３人に,https://www3.nhk.or.jp/news/html/20200318/k10012337171000.html,愛媛,日本
405,20200318,岐阜市で新たに１人感染確認 県内で計３人 新型コロナウイルス,https://www3.nhk.or.jp/news/html/20200318/k10012337181000.html,岐阜,日本
406,20200318,新潟市で新たに１名の新型コロナ感染者を確認,https://www.niikei.jp/32433/,新潟,日本
407,20200318,「ウイルスばらまく」愛知・蒲郡の５０代男性が死亡,https://www.chunichi.co.jp/s/article/2020031890135412.html,愛知,日本
408,20200318,茨城、新型コロナ感染者　新たに1人,https://headlines.yahoo.co.jp/hl?a=20200318-00000011-ibaraki-l08,茨城,日本
409,20200318,北海道 釧路地方 20代男性感染確認 道内153人に 新型ウイルス,https://www3.nhk.or.jp/news/html/20200318/k10012337781000.html,北海道,日本
410,20200318,札幌市で１人感染 計１５４人に,https://www.nhk.or.jp/sapporo-news/20200318/7000019239.html,北海道,日本
411,20200318,【速報】東京9人・千葉2人「感染」　海外からの帰国者など,https://www.fnn.jp/posts/00434100CX/202003181710_CX_CX,東京-千葉,日本
412,20200318,宇都宮市で新たに１人感染を確認,https://www3.nhk.or.jp/shutoken-news/20200318/1000045677.html,栃木,日本
413,20200318,横須賀市で８０代男性の感染確認,https://www3.nhk.or.jp/shutoken-news/20200318/1000045681.html,神奈川,日本
414,20200318,感染保育園児の保護者１人も新型コロナ感染　京都市,https://www.kyoto-np.co.jp/articles/-/190011,京都,日本
415,20200318,新型コロナ感染新たに確認、70代の男性　京都・乙訓地域に在住,https://www.kyoto-np.co.jp/articles/-/190026,京都,日本
416,20200318,埼玉県 新たに１人の感染確認 フィンランドなどを旅行,https://www3.nhk.or.jp/news/html/20200318/k10012338531000.html,埼玉,日本
417,20200318,兵庫県で５人の感染確認 うち１人は死亡,https://www3.nhk.or.jp/news/html/20200318/k10012338541000.html,兵庫,日本
418,20200318,愛知県 新たに３人の感染確認,https://www3.nhk.or.jp/news/html/20200318/k10012338561000.html,愛知,日本
419,20200318,三重 四日市で50代男性感染確認 県内９人に,https://www3.nhk.or.jp/news/html/20200318/k10012338641000.html,三重,日本
420,20200318,福井県で初の新型コロナ感染者確認　知事が会見へ,https://www.chunichi.co.jp/s/article/2020031890213844.html,福井,日本
421,20200318,大阪府 新たに５人感染確認,https://www3.nhk.or.jp/news/html/20200318/k10012338601000.html,大阪,日本
422,20200318,イタリア滞在２人成田で感染確認,https://www3.nhk.or.jp/shutoken-news/20200318/1000045693.html,東京,検疫
423,20200318,名古屋で新たに２人の感染確認 県内130人に,https://www3.nhk.or.jp/news/html/20200319/k10012338891000.html,愛知,日本
424,20200318,茨城で新たに1人の感染確認,https://this.kiji.is/613012303686714465,茨城,日本
425,20200319,和歌山市の50代職員 感染確認 県内16人に,https://www3.nhk.or.jp/news/html/20200319/k10012339231000.html,和歌山,日本
426,20200319,兵庫 姫路 50代女性感染確認 感染相次ぐ病院の入院患者,https://www3.nhk.or.jp/news/html/20200319/k10012339241000.html,兵庫,日本
427,20200319,70代男性が死亡 大阪府内の死亡確認は初 新型コロナウイルス,https://www3.nhk.or.jp/news/html/20200319/k10012339341000.html,大阪,日本
428,20200319,大分県で県内2例目の新型コロナ感染を確認,https://rd.kyodo-d.info/np/2020031901001368,大分,日本
429,20200319,新潟市で保育園児ら2人が新たに感染,https://rd.kyodo-d.info/np/2020031901001391,新潟,日本
430,20200319,札幌市で新たに２人感染確認 北海道内は計156人に,https://www3.nhk.or.jp/news/html/20200319/k10012340001000.html,北海道,日本
431,20200319,北海道旭川市で新たに1人感染,https://this.kiji.is/613279313137189985,北海道,日本
432,20200319,神奈川県で新たに4人感染、いずれも軽症,https://this.kiji.is/613283339911218273,神奈川,日本
433,20200319,千葉県 新たに２人感染確認,https://www3.nhk.or.jp/shutoken-news/20200319/1000045737.html,千葉,日本
434,20200319,東京で新たに７人感染確認、スペイン・タイから帰国者も,https://news.tbs.co.jp/newseye/tbs_newseye3933745.html,東京,日本
435,20200319,千葉 船橋で新たに60代女性 感染確認 新型コロナウイルス,https://www3.nhk.or.jp/news/html/20200319/k10012340481000.html,千葉,日本
436,20200319,相模原市で新たに１人感染を確認,https://www.saga-s.co.jp/articles/-/502047,神奈川,日本
437,20200319,福岡県が新たに1人の感染確認,https://this.kiji.is/613316635090027617,福岡,日本
438,20200319,新型コロナ感染の兵庫・伊丹市の80代女性が死亡　県内で4人目,https://news.tv-asahi.co.jp/breaking_news/,兵庫,日本
439,20200319,大阪府 新たに２人感染 新型コロナウイルス,https://www3.nhk.or.jp/news/html/20200319/k10012340671000.html,大阪,日本
440,20200319,熊本市 20代女性感染確認 県内で７人に 新型コロナウイルス,https://www3.nhk.or.jp/news/html/20200319/k10012340781000.html,熊本,日本
441,20200319,兵庫 伊丹 介護施設利用の80代男性感染確認 新型ウイルス,https://www3.nhk.or.jp/news/html/20200319/k10012340771000.html,兵庫,日本
442,20200319,愛知県内で２人感染確認 県内で134人に 新型コロナウイルス,https://www3.nhk.or.jp/news/html/20200319/k10012340811000.html,愛知,日本
443,20200319,埼玉県内で新たに４人感染確認 計39人に 新型コロナウイルス,https://www3.nhk.or.jp/news/html/20200319/k10012340791000.html,埼玉,日本
444,20200319,川崎市で新たに男性１人感染,https://www3.nhk.or.jp/shutoken-news/20200319/1000045745.html,神奈川,日本
445,20200319,愛知で新たに４人感染計１３４人,https://www3.nhk.or.jp/tokai-news/20200319/3000009640.html,愛知,日本
446,20200319,和歌山市職員２人目の感染確認　全職員に３日間の外出自粛要請,https://headlines.yahoo.co.jp/hl?a=20200319-00002506-agara-l30,和歌山,日本
447,20200319,大分 臼杵 新たに60代女性の感染確認 感染した男性の妻,https://www3.nhk.or.jp/news/html/20200319/k10012340711000.html,大分,日本
448,20200320,兵庫 姫路 60代の２人感染確認 県内95人に 新型コロナウイルス,https://www3.nhk.or.jp/news/html/20200320/k10012341501000.html,兵庫,日本
449,20200320,新型コロナウイルス 広島県で新たに１人感染確認,https://www3.nhk.or.jp/news/html/20200320/k10012341821000.html,広島,日本
450,20200320,新潟市の30代女性の感染確認,https://this.kiji.is/613599294596514913,新潟,日本
451,20200320,新型コロナウイルス 石川で１人感染確認 県内８人に,https://www3.nhk.or.jp/news/html/20200320/k10012341951000.html,石川,日本
452,20200320,新型コロナウイルス 札幌で１人感染確認 道内158人に,https://www3.nhk.or.jp/news/html/20200320/k10012341931000.html,北海道,日本
453,20200320,大分で医療機関職員2人が新型コロナ感染,https://this.kiji.is/613627230497801313,大分,日本
454,20200320,新型コロナウイルス 愛知で男性１人死亡 県内の死者は16人に,https://www3.nhk.or.jp/news/html/20200320/k10012342061000.html,愛知,日本